timestamp,ip_src,ip_dst,port_src,port_dst,transport_protocol,app_protocol,length
2024-12-04T20:46:41.869884,192.168.0.31,192.168.0.1,51657,53,UDP,DNS,92
2024-12-04T20:46:41.877884,192.168.0.1,192.168.0.31,53,51657,UDP,DNS,222
2024-12-04T20:46:41.878596,192.168.0.31,40.79.141.153,26377,443,TCP,TCP,66
2024-12-04T20:46:41.879711,192.168.0.31,40.79.189.58,26357,443,TCP,TLS,172
2024-12-04T20:46:41.879754,192.168.0.31,40.79.189.58,26357,443,TCP,TLS,4345
2024-12-04T20:46:41.914150,40.79.141.153,192.168.0.31,443,26377,TCP,TCP,66
2024-12-04T20:46:41.914198,192.168.0.31,40.79.141.153,26377,443,TCP,TCP,54
2024-12-04T20:46:41.914487,192.168.0.31,40.79.141.153,26377,443,TCP,TLS,571
2024-12-04T20:46:41.953601,40.79.141.153,192.168.0.31,443,26377,TCP,TLS,153
2024-12-04T20:46:41.954315,192.168.0.31,40.79.141.153,26377,443,TCP,TLS,491
2024-12-04T20:46:42.003408,40.79.141.153,192.168.0.31,443,26377,TCP,TLS,1514
2024-12-04T20:46:42.004376,40.79.141.153,192.168.0.31,443,26377,TCP,TCP,1514
2024-12-04T20:46:42.004376,40.79.141.153,192.168.0.31,443,26377,TCP,TCP,1514
2024-12-04T20:46:42.004376,40.79.141.153,192.168.0.31,443,26377,TCP,TLS,207
2024-12-04T20:46:42.004500,192.168.0.31,40.79.141.153,26377,443,TCP,TCP,54
2024-12-04T20:46:42.005108,192.168.0.31,40.79.141.153,26377,443,TCP,TLS,5685
2024-12-04T20:46:42.039882,40.79.141.153,192.168.0.31,443,26377,TCP,TCP,54
2024-12-04T20:46:42.040197,40.79.141.153,192.168.0.31,443,26377,TCP,TCP,54
2024-12-04T20:46:42.045963,40.79.141.153,192.168.0.31,443,26377,TCP,TLS,157
2024-12-04T20:46:42.092768,40.79.141.153,192.168.0.31,443,26377,TCP,TLS,519
2024-12-04T20:46:42.092820,192.168.0.31,40.79.141.153,26377,443,TCP,TCP,54
2024-12-04T20:46:42.093183,192.168.0.31,40.79.141.153,26377,443,TCP,TLS,78
2024-12-04T20:46:42.093270,192.168.0.31,40.79.141.153,26377,443,TCP,TCP,54
2024-12-04T20:46:42.125402,40.79.189.58,192.168.0.31,443,26357,TCP,TCP,60
2024-12-04T20:46:42.125402,40.79.189.58,192.168.0.31,443,26357,TCP,TCP,60
2024-12-04T20:46:42.127611,40.79.141.153,192.168.0.31,443,26377,TCP,TCP,54
2024-12-04T20:46:42.162267,40.79.189.58,192.168.0.31,443,26357,TCP,TLS,153
2024-12-04T20:46:42.163036,192.168.0.31,40.79.189.58,26357,443,TCP,TLS,89
2024-12-04T20:46:42.326200,192.168.0.1,192.168.0.255,9431,9431,UDP,DATA,115
2024-12-04T20:46:42.326200,N/A,N/A,N/A,N/A,N/A,ARP,52
2024-12-04T20:46:42.465912,192.168.0.31,40.79.189.58,26357,443,TCP,TCP,89
2024-12-04T20:46:42.497173,40.79.189.58,192.168.0.31,443,26357,TCP,TCP,60
2024-12-04T20:46:42.711581,40.79.189.58,192.168.0.31,443,26357,TCP,TCP,66
2024-12-04T20:46:43.348014,192.168.0.1,192.168.0.255,9431,9431,UDP,DATA,115
2024-12-04T20:46:43.348014,N/A,N/A,N/A,N/A,N/A,ARP,52
2024-12-04T20:46:44.372145,192.168.0.1,192.168.0.255,9431,9431,UDP,DATA,115
2024-12-04T20:46:44.372145,N/A,N/A,N/A,N/A,N/A,ARP,52
2024-12-04T20:46:44.588496,192.168.0.31,40.79.189.58,26357,443,TCP,TLS,173
2024-12-04T20:46:44.588730,192.168.0.31,40.79.189.58,26357,443,TCP,TLS,16460
2024-12-04T20:46:44.588865,192.168.0.31,40.79.189.58,26357,443,TCP,TLS,5105
2024-12-04T20:46:44.834258,40.79.189.58,192.168.0.31,443,26357,TCP,TCP,60
2024-12-04T20:46:44.834258,40.79.189.58,192.168.0.31,443,26357,TCP,TCP,60
2024-12-04T20:46:44.834258,40.79.189.58,192.168.0.31,443,26357,TCP,TCP,60
2024-12-04T20:46:44.834258,40.79.189.58,192.168.0.31,443,26357,TCP,TCP,60
2024-12-04T20:46:44.904056,40.79.189.58,192.168.0.31,443,26357,TCP,TCP,60
2024-12-04T20:46:45.293526,192.168.0.1,192.168.0.255,9431,9431,UDP,DATA,115
2024-12-04T20:46:45.805430,N/A,N/A,N/A,N/A,N/A,ARP,52
2024-12-04T20:46:46.099183,40.79.189.58,192.168.0.31,443,26357,TCP,TLS,156
2024-12-04T20:46:46.147825,192.168.0.31,40.79.189.58,26357,443,TCP,TCP,54
2024-12-04T20:46:46.319517,192.168.0.1,192.168.0.255,9431,9431,UDP,DATA,115
2024-12-04T20:46:46.814065,192.168.0.31,40.79.189.58,26357,443,TCP,TLS,173
2024-12-04T20:46:46.814142,192.168.0.31,40.79.189.58,26357,443,TCP,TLS,14665
2024-12-04T20:46:46.831424,N/A,N/A,N/A,N/A,N/A,ARP,52
2024-12-04T20:46:47.058389,40.79.189.58,192.168.0.31,443,26357,TCP,TCP,60
2024-12-04T20:46:47.058389,40.79.189.58,192.168.0.31,443,26357,TCP,TCP,60
2024-12-04T20:46:47.058389,40.79.189.58,192.168.0.31,443,26357,TCP,TCP,60
2024-12-04T20:46:47.343443,192.168.0.1,192.168.0.255,9431,9431,UDP,DATA,115
2024-12-04T20:46:47.370731,40.79.189.58,192.168.0.31,443,26357,TCP,TLS,153
2024-12-04T20:46:47.371447,192.168.0.31,40.79.189.58,26357,443,TCP,TLS,89
2024-12-04T20:46:47.679348,192.168.0.31,40.79.189.58,26357,443,TCP,TCP,89
2024-12-04T20:46:47.700933,40.79.189.58,192.168.0.31,443,26357,TCP,TCP,60
2024-12-04T20:46:47.855405,N/A,N/A,N/A,N/A,N/A,ARP,52
2024-12-04T20:46:47.923664,40.79.189.58,192.168.0.31,443,26357,TCP,TCP,66
2024-12-04T20:46:48.367605,192.168.0.1,192.168.0.255,9431,9431,UDP,DATA,115
2024-12-04T20:46:49.186680,N/A,N/A,N/A,N/A,N/A,ARP,52
2024-12-04T20:46:49.241235,192.168.0.31,40.79.189.58,26357,443,TCP,TLS,173
2024-12-04T20:46:49.241296,192.168.0.31,40.79.189.58,26357,443,TCP,TLS,12582
2024-12-04T20:46:49.391664,192.168.0.1,192.168.0.255,9431,9431,UDP,DATA,115
2024-12-04T20:46:49.486227,40.79.189.58,192.168.0.31,443,26357,TCP,TCP,60
2024-12-04T20:46:49.486227,40.79.189.58,192.168.0.31,443,26357,TCP,TCP,60
2024-12-04T20:46:49.486227,40.79.189.58,192.168.0.31,443,26357,TCP,TCP,60
2024-12-04T20:46:49.809002,40.79.189.58,192.168.0.31,443,26357,TCP,TLS,175
2024-12-04T20:46:49.860213,192.168.0.31,40.79.189.58,26357,443,TCP,TCP,54
2024-12-04T20:46:50.210653,N/A,N/A,N/A,N/A,N/A,ARP,52
2024-12-04T20:46:50.311065,192.168.0.1,192.168.0.255,9431,9431,UDP,DATA,115
2024-12-04T20:46:51.234586,N/A,N/A,N/A,N/A,N/A,ARP,52
2024-12-04T20:46:51.337192,192.168.0.1,192.168.0.255,9431,9431,UDP,DATA,115
2024-12-04T20:46:51.547402,192.168.0.31,40.79.189.58,26357,443,TCP,TLS,173
2024-12-04T20:46:51.547552,192.168.0.31,40.79.189.58,26357,443,TCP,TLS,10499
2024-12-04T20:46:51.793709,40.79.189.58,192.168.0.31,443,26357,TCP,TCP,60
2024-12-04T20:46:51.793709,40.79.189.58,192.168.0.31,443,26357,TCP,TCP,60
2024-12-04T20:46:51.793709,40.79.189.58,192.168.0.31,443,26357,TCP,TCP,60
2024-12-04T20:46:52.355599,40.79.189.58,192.168.0.31,443,26357,TCP,TLS,153
2024-12-04T20:46:52.361094,192.168.0.1,192.168.0.255,9431,9431,UDP,DATA,115
2024-12-04T20:46:52.410151,192.168.0.31,40.79.189.58,26357,443,TCP,TCP,54
2024-12-04T20:46:53.385230,192.168.0.1,192.168.0.255,9431,9431,UDP,DATA,115
2024-12-04T20:46:53.653696,192.168.0.31,40.79.189.58,26357,443,TCP,TLS,172
2024-12-04T20:46:53.653894,192.168.0.31,40.79.189.58,26357,443,TCP,TLS,8416
2024-12-04T20:46:53.899692,40.79.189.58,192.168.0.31,443,26357,TCP,TCP,60
2024-12-04T20:46:53.899692,40.79.189.58,192.168.0.31,443,26357,TCP,TCP,60
2024-12-04T20:46:53.926113,40.79.189.58,192.168.0.31,443,26357,TCP,TLS,89
2024-12-04T20:46:53.974754,192.168.0.31,40.79.189.58,26357,443,TCP,TCP,54
2024-12-04T20:46:54.113067,127.0.0.1,127.0.0.1,51641,51638,TCP,DATA,45
2024-12-04T20:46:54.113102,127.0.0.1,127.0.0.1,51638,51641,TCP,TCP,56
2024-12-04T20:46:54.219123,40.79.189.58,192.168.0.31,443,26357,TCP,TLS,153
2024-12-04T20:46:54.220837,192.168.0.31,40.79.189.58,26357,443,TCP,TLS,89
2024-12-04T20:46:54.306802,192.168.0.1,192.168.0.255,9431,9431,UDP,DATA,115
2024-12-04T20:46:54.531844,192.168.0.31,40.79.189.58,26357,443,TCP,TCP,89
2024-12-04T20:46:54.701472,40.79.189.58,192.168.0.31,443,26357,TCP,TCP,60
2024-12-04T20:46:54.776520,40.79.189.58,192.168.0.31,443,26357,TCP,TCP,66
2024-12-04T20:46:54.794092,127.0.0.1,127.0.0.1,51642,51636,TCP,DATA,45
2024-12-04T20:46:54.794129,127.0.0.1,127.0.0.1,51636,51642,TCP,TCP,56
2024-12-04T20:46:55.330881,192.168.0.1,192.168.0.255,9431,9431,UDP,DATA,115
2024-12-04T20:46:55.760638,192.168.0.31,40.79.189.58,26357,443,TCP,TLS,173
2024-12-04T20:46:55.760893,192.168.0.31,40.79.189.58,26357,443,TCP,TLS,16460
2024-12-04T20:46:55.761033,192.168.0.31,40.79.189.58,26357,443,TCP,TLS,373
2024-12-04T20:46:56.007546,40.79.189.58,192.168.0.31,443,26357,TCP,TCP,60
2024-12-04T20:46:56.007546,40.79.189.58,192.168.0.31,443,26357,TCP,TCP,60
2024-12-04T20:46:56.007546,40.79.189.58,192.168.0.31,443,26357,TCP,TCP,60
2024-12-04T20:46:56.007546,40.79.189.58,192.168.0.31,443,26357,TCP,TCP,60
2024-12-04T20:46:56.007546,40.79.189.58,192.168.0.31,443,26357,TCP,TCP,60
2024-12-04T20:46:56.047509,N/A,N/A,N/A,N/A,N/A,ARP,52
2024-12-04T20:46:56.162196,40.79.189.58,192.168.0.31,443,26357,TCP,TLS,153
2024-12-04T20:46:56.204526,192.168.0.31,40.79.189.58,26357,443,TCP,TCP,54
2024-12-04T20:46:56.354721,192.168.0.1,192.168.0.255,9431,9431,UDP,DATA,115
2024-12-04T20:46:57.071492,N/A,N/A,N/A,N/A,N/A,ARP,52
2024-12-04T20:46:57.378702,192.168.0.1,192.168.0.255,9431,9431,UDP,DATA,115
2024-12-04T20:46:57.735000,192.168.0.31,20.54.36.229,26283,443,TCP,TLS,55
2024-12-04T20:46:57.774574,20.54.36.229,192.168.0.31,443,26283,TCP,TCP,66
2024-12-04T20:46:58.045010,192.168.0.31,40.79.189.58,26357,443,TCP,TLS,167
2024-12-04T20:46:58.045085,192.168.0.31,40.79.189.58,26357,443,TCP,TLS,12582
2024-12-04T20:46:58.095548,N/A,N/A,N/A,N/A,N/A,ARP,52
2024-12-04T20:46:58.291383,40.79.189.58,192.168.0.31,443,26357,TCP,TCP,60
2024-12-04T20:46:58.291383,40.79.189.58,192.168.0.31,443,26357,TCP,TCP,60
2024-12-04T20:46:58.334054,40.79.189.58,192.168.0.31,443,26357,TCP,TLS,153
2024-12-04T20:46:58.385210,192.168.0.31,40.79.189.58,26357,443,TCP,TCP,54
2024-12-04T20:46:58.402664,192.168.0.1,192.168.0.255,9431,9431,UDP,DATA,115
2024-12-04T20:46:59.324327,192.168.0.1,192.168.0.255,9431,9431,UDP,DATA,115
2024-12-04T20:46:59.734012,N/A,N/A,N/A,N/A,N/A,ARP,52
2024-12-04T20:47:00.135043,192.168.0.31,40.79.189.58,26357,443,TCP,TLS,167
2024-12-04T20:47:00.135111,192.168.0.31,40.79.189.58,26357,443,TCP,TLS,10499
2024-12-04T20:47:00.348746,192.168.0.1,224.0.0.1,N/A,N/A,N/A,IGMP,52
2024-12-04T20:47:00.348746,fe80::3e58:5dff:feb6:317,ff02::1,N/A,N/A,N/A,ICMPV6,90
2024-12-04T20:47:00.348746,192.168.0.1,192.168.0.255,9431,9431,UDP,DATA,115
2024-12-04T20:47:00.379637,40.79.189.58,192.168.0.31,443,26357,TCP,TCP,60
2024-12-04T20:47:00.379637,40.79.189.58,192.168.0.31,443,26357,TCP,TCP,60
2024-12-04T20:47:00.379637,40.79.189.58,192.168.0.31,443,26357,TCP,TCP,60
2024-12-04T20:47:00.380473,40.79.189.58,192.168.0.31,443,26357,TCP,TLS,148
2024-12-04T20:47:00.381128,192.168.0.31,40.79.189.58,26357,443,TCP,TLS,89
2024-12-04T20:47:00.674183,40.79.189.58,192.168.0.31,443,26357,TCP,TCP,60
2024-12-04T20:47:00.679184,52.113.194.132,192.168.0.31,443,26373,TCP,TCP,54
2024-12-04T20:47:00.757855,N/A,N/A,N/A,N/A,N/A,ARP,52
2024-12-04T20:47:00.844054,192.168.0.31,224.0.0.22,N/A,N/A,N/A,IGMP,70
2024-12-04T20:47:00.844247,fe80::dcdf:43c1:182a:735a,ff02::16,N/A,N/A,N/A,ICMPV6,150
2024-12-04T20:47:01.372328,192.168.0.1,192.168.0.255,9431,9431,UDP,DATA,115
2024-12-04T20:47:01.679485,N/A,N/A,N/A,N/A,N/A,ARP,52
2024-12-04T20:47:02.194625,192.168.0.31,40.79.189.58,26357,443,TCP,TLS,166
2024-12-04T20:47:02.194900,192.168.0.31,40.79.189.58,26357,443,TCP,TLS,14665
2024-12-04T20:47:02.396395,192.168.0.1,192.168.0.255,9431,9431,UDP,DATA,115
2024-12-04T20:47:02.442474,40.79.189.58,192.168.0.31,443,26357,TCP,TCP,60
2024-12-04T20:47:02.442474,40.79.189.58,192.168.0.31,443,26357,TCP,TCP,60
2024-12-04T20:47:02.442474,40.79.189.58,192.168.0.31,443,26357,TCP,TCP,60
2024-12-04T20:47:02.442474,40.79.189.58,192.168.0.31,443,26357,TCP,TCP,60
2024-12-04T20:47:02.442474,40.79.189.58,192.168.0.31,443,26357,TCP,TCP,60
2024-12-04T20:47:02.602415,40.79.189.58,192.168.0.31,443,26357,TCP,TLS,153
2024-12-04T20:47:02.654002,192.168.0.31,40.79.189.58,26357,443,TCP,TCP,54
2024-12-04T20:47:03.010333,192.168.0.31,162.254.198.69,26262,27021,TCP,TLS,107
2024-12-04T20:47:03.017461,162.254.198.69,192.168.0.31,27021,26262,TCP,TCP,60
2024-12-04T20:47:03.420447,192.168.0.1,192.168.0.255,9431,9431,UDP,DATA,115
2024-12-04T20:47:04.342054,192.168.0.1,192.168.0.255,9431,9431,UDP,DATA,115
2024-12-04T20:47:04.619519,192.168.0.31,40.79.189.58,26357,443,TCP,TLS,167
2024-12-04T20:47:04.619623,192.168.0.31,40.79.189.58,26357,443,TCP,TLS,10499
2024-12-04T20:47:04.865175,40.79.189.58,192.168.0.31,443,26357,TCP,TCP,60
2024-12-04T20:47:04.865175,40.79.189.58,192.168.0.31,443,26357,TCP,TCP,60
2024-12-04T20:47:04.865175,40.79.189.58,192.168.0.31,443,26357,TCP,TCP,60
2024-12-04T20:47:04.865749,40.79.189.58,192.168.0.31,443,26357,TCP,TLS,148
2024-12-04T20:47:04.912048,192.168.0.31,40.79.189.58,26357,443,TCP,TCP,54
2024-12-04T20:47:05.366033,192.168.0.1,192.168.0.255,9431,9431,UDP,DATA,115
2024-12-04T20:47:05.691331,N/A,N/A,N/A,N/A,N/A,ARP,52
2024-12-04T20:47:05.691345,N/A,N/A,N/A,N/A,N/A,ARP,42
2024-12-04T20:47:06.389916,192.168.0.1,192.168.0.255,9431,9431,UDP,DATA,115
2024-12-04T20:47:06.660872,192.168.0.31,40.79.189.58,26357,443,TCP,TLS,167
2024-12-04T20:47:06.660943,192.168.0.31,40.79.189.58,26357,443,TCP,TLS,10499
2024-12-04T20:47:06.906426,40.79.189.58,192.168.0.31,443,26357,TCP,TCP,60
2024-12-04T20:47:06.906426,40.79.189.58,192.168.0.31,443,26357,TCP,TCP,60
2024-12-04T20:47:06.906426,40.79.189.58,192.168.0.31,443,26357,TCP,TCP,60
2024-12-04T20:47:06.906426,40.79.189.58,192.168.0.31,443,26357,TCP,TCP,60
2024-12-04T20:47:06.906426,40.79.189.58,192.168.0.31,443,26357,TCP,TLS,89
2024-12-04T20:47:06.952569,192.168.0.31,40.79.189.58,26357,443,TCP,TCP,54
2024-12-04T20:47:07.197325,40.79.189.58,192.168.0.31,443,26357,TCP,TLS,153
2024-12-04T20:47:07.197838,192.168.0.31,40.79.189.58,26357,443,TCP,TLS,89
2024-12-04T20:47:07.414075,192.168.0.1,192.168.0.255,9431,9431,UDP,DATA,115
2024-12-04T20:47:07.486987,40.79.189.58,192.168.0.31,443,26357,TCP,TCP,60
2024-12-04T20:47:08.438165,192.168.0.1,192.168.0.255,9431,9431,UDP,DATA,115
2024-12-04T20:47:08.760407,192.168.0.31,40.79.189.58,26357,443,TCP,TLS,173
2024-12-04T20:47:08.760471,192.168.0.31,40.79.189.58,26357,443,TCP,TLS,10590
2024-12-04T20:47:09.028184,40.79.189.58,192.168.0.31,443,26357,TCP,TCP,60
2024-12-04T20:47:09.028184,40.79.189.58,192.168.0.31,443,26357,TCP,TCP,60
2024-12-04T20:47:09.028184,40.79.189.58,192.168.0.31,443,26357,TCP,TCP,60
2024-12-04T20:47:09.028184,40.79.189.58,192.168.0.31,443,26357,TCP,TLS,148
2024-12-04T20:47:09.082050,192.168.0.31,40.79.189.58,26357,443,TCP,TCP,54
2024-12-04T20:47:09.359648,192.168.0.1,192.168.0.255,9431,9431,UDP,DATA,115
2024-12-04T20:47:09.564313,N/A,N/A,N/A,N/A,N/A,DATA,60
2024-12-04T20:47:09.769544,0.0.0.0,255.255.255.255,68,67,UDP,DHCP,350
2024-12-04T20:47:09.871542,N/A,N/A,N/A,N/A,N/A,ARP,52
2024-12-04T20:47:10.383755,192.168.0.1,192.168.0.255,9431,9431,UDP,DATA,115
2024-12-04T20:47:10.691209,0.0.0.0,255.255.255.255,68,67,UDP,DHCP,350
2024-12-04T20:47:10.998097,N/A,N/A,N/A,N/A,N/A,ARP,52
2024-12-04T20:47:11.407646,192.168.0.1,192.168.0.255,9431,9431,UDP,DATA,115
2024-12-04T20:47:11.817891,192.168.0.33,224.0.0.251,5353,5353,UDP,MDNS,220
2024-12-04T20:47:11.817891,fe80::6599:18d7:c38:744e,ff02::fb,5353,5353,UDP,MDNS,240
2024-12-04T20:47:12.125137,192.168.0.33,224.0.0.251,5353,5353,UDP,MDNS,220
2024-12-04T20:47:12.125137,fe80::6599:18d7:c38:744e,ff02::fb,5353,5353,UDP,MDNS,240
2024-12-04T20:47:12.329921,192.168.0.33,224.0.0.251,5353,5353,UDP,MDNS,220
2024-12-04T20:47:12.329921,fe80::6599:18d7:c38:744e,ff02::fb,5353,5353,UDP,MDNS,240
2024-12-04T20:47:12.431942,192.168.0.1,192.168.0.255,9431,9431,UDP,DATA,115
2024-12-04T20:47:12.638044,192.168.0.33,224.0.0.251,5353,5353,UDP,MDNS,581
2024-12-04T20:47:12.638044,fe80::6599:18d7:c38:744e,ff02::fb,5353,5353,UDP,MDNS,601
2024-12-04T20:47:13.455756,192.168.0.1,192.168.0.255,9431,9431,UDP,DATA,115
2024-12-04T20:47:13.662099,192.168.0.33,224.0.0.251,5353,5353,UDP,MDNS,581
2024-12-04T20:47:13.662099,fe80::6599:18d7:c38:744e,ff02::fb,5353,5353,UDP,MDNS,601
2024-12-04T20:47:14.377351,192.168.0.1,192.168.0.255,9431,9431,UDP,DATA,115
2024-12-04T20:47:15.401263,192.168.0.1,192.168.0.255,9431,9431,UDP,DATA,115
2024-12-04T20:47:15.615683,192.168.0.33,224.0.0.251,5353,5353,UDP,MDNS,581
2024-12-04T20:47:15.615683,fe80::6599:18d7:c38:744e,ff02::fb,5353,5353,UDP,MDNS,601
2024-12-04T20:47:16.433346,192.168.0.1,192.168.0.255,9431,9431,UDP,DATA,115
2024-12-04T20:47:16.842942,N/A,N/A,N/A,N/A,N/A,ARP,52
2024-12-04T20:47:17.252584,192.168.0.33,224.0.0.251,5353,5353,UDP,MDNS,220
2024-12-04T20:47:17.252584,fe80::6599:18d7:c38:744e,ff02::fb,5353,5353,UDP,MDNS,240
2024-12-04T20:47:17.447167,192.168.0.1,192.168.0.255,9431,9431,UDP,DATA,115
2024-12-04T20:47:17.549722,192.168.0.33,224.0.0.251,5353,5353,UDP,MDNS,220
2024-12-04T20:47:17.550152,fe80::6599:18d7:c38:744e,ff02::fb,5353,5353,UDP,MDNS,240
2024-12-04T20:47:17.754658,192.168.0.33,224.0.0.251,5353,5353,UDP,MDNS,220
2024-12-04T20:47:17.754992,fe80::6599:18d7:c38:744e,ff02::fb,5353,5353,UDP,MDNS,240
2024-12-04T20:47:18.062263,192.168.0.33,224.0.0.251,5353,5353,UDP,MDNS,581
2024-12-04T20:47:18.063167,fe80::6599:18d7:c38:744e,ff02::fb,5353,5353,UDP,MDNS,601
2024-12-04T20:47:18.370417,192.168.0.1,192.168.0.255,9431,9431,UDP,DATA,115
2024-12-04T20:47:19.086281,192.168.0.33,224.0.0.251,5353,5353,UDP,MDNS,581
2024-12-04T20:47:19.087115,fe80::6599:18d7:c38:744e,ff02::fb,5353,5353,UDP,MDNS,601
2024-12-04T20:47:19.109474,192.168.0.31,192.168.0.1,62841,53,UDP,DNS,92
2024-12-04T20:47:19.109946,192.168.0.31,192.168.0.1,55049,53,UDP,DNS,92
2024-12-04T20:47:19.110510,192.168.0.31,40.79.189.58,26357,443,TCP,TLS,172
2024-12-04T20:47:19.110663,192.168.0.31,40.79.189.58,26357,443,TCP,TLS,93
2024-12-04T20:47:19.110749,192.168.0.31,40.79.189.58,26357,443,TCP,TLS,4187
2024-12-04T20:47:19.117637,192.168.0.1,192.168.0.31,53,62841,UDP,DNS,227
2024-12-04T20:47:19.118059,192.168.0.1,192.168.0.31,53,55049,UDP,DNS,276
2024-12-04T20:47:19.355208,40.79.189.58,192.168.0.31,443,26357,TCP,TCP,60
2024-12-04T20:47:19.355208,40.79.189.58,192.168.0.31,443,26357,TCP,TLS,93
2024-12-04T20:47:19.355208,40.79.189.58,192.168.0.31,443,26357,TCP,TCP,60
2024-12-04T20:47:19.394446,192.168.0.1,192.168.0.255,9431,9431,UDP,DATA,115
2024-12-04T20:47:19.398767,192.168.0.31,40.79.189.58,26357,443,TCP,TCP,54
2024-12-04T20:47:19.410015,40.79.189.58,192.168.0.31,443,26357,TCP,TCP,60
2024-12-04T20:47:19.643250,40.79.189.58,192.168.0.31,443,26357,TCP,TLS,153
2024-12-04T20:47:19.645044,192.168.0.31,40.79.189.58,26357,443,TCP,TLS,89
2024-12-04T20:47:19.941254,40.79.189.58,192.168.0.31,443,26357,TCP,TCP,60
2024-12-04T20:47:20.417937,192.168.0.1,192.168.0.255,9431,9431,UDP,DATA,115
2024-12-04T20:47:21.031988,192.168.0.33,224.0.0.251,5353,5353,UDP,MDNS,581
2024-12-04T20:47:21.032911,fe80::6599:18d7:c38:744e,ff02::fb,5353,5353,UDP,MDNS,601
2024-12-04T20:47:21.442313,192.168.0.1,192.168.0.255,9431,9431,UDP,DATA,115
2024-12-04T20:47:22.464944,192.168.0.1,192.168.0.255,9431,9431,UDP,DATA,115
2024-12-04T20:47:23.387170,192.168.0.1,192.168.0.255,9431,9431,UDP,DATA,115
2024-12-04T20:47:24.410682,192.168.0.1,192.168.0.255,9431,9431,UDP,DATA,115
2024-12-04T20:47:24.794633,127.0.0.1,127.0.0.1,51638,51641,TCP,DATA,45
2024-12-04T20:47:24.794635,127.0.0.1,127.0.0.1,51636,51642,TCP,DATA,45
2024-12-04T20:47:24.794676,127.0.0.1,127.0.0.1,51642,51636,TCP,TCP,56
2024-12-04T20:47:24.794677,127.0.0.1,127.0.0.1,51641,51638,TCP,TCP,56
2024-12-04T20:47:25.025620,192.168.0.33,224.0.0.251,5353,5353,UDP,MDNS,581
2024-12-04T20:47:25.026611,fe80::6599:18d7:c38:744e,ff02::fb,5353,5353,UDP,MDNS,601
2024-12-04T20:47:25.215664,192.168.0.31,152.199.19.160,26366,443,TCP,TLS,55
2024-12-04T20:47:25.222995,152.199.19.160,192.168.0.31,443,26366,TCP,TCP,66
2024-12-04T20:47:25.436002,192.168.0.1,192.168.0.255,9431,9431,UDP,DATA,115
2024-12-04T20:47:25.574550,152.199.19.160,192.168.0.31,443,26366,TCP,TLS,111
2024-12-04T20:47:25.574809,192.168.0.31,152.199.19.160,26366,443,TCP,TCP,54
2024-12-04T20:47:25.574919,152.199.19.160,192.168.0.31,443,26366,TCP,TLS,78
2024-12-04T20:47:25.574919,152.199.19.160,192.168.0.31,443,26366,TCP,TCP,54
2024-12-04T20:47:25.574954,192.168.0.31,152.199.19.160,26366,443,TCP,TCP,54
2024-12-04T20:47:25.581241,152.199.19.160,192.168.0.31,443,26366,TCP,TCP,54
2024-12-04T20:47:26.459525,192.168.0.1,192.168.0.255,9431,9431,UDP,DATA,115
2024-12-04T20:47:27.483183,192.168.0.1,192.168.0.255,9431,9431,UDP,DATA,115
2024-12-04T20:47:28.125079,192.168.0.31,192.168.0.1,56871,53,UDP,DNS,94
2024-12-04T20:47:28.134454,192.168.0.1,192.168.0.31,53,56871,UDP,DNS,142
2024-12-04T20:47:28.404254,192.168.0.1,192.168.0.255,9431,9431,UDP,DATA,115
2024-12-04T20:47:29.430290,192.168.0.1,192.168.0.255,9431,9431,UDP,DATA,115
2024-12-04T20:47:30.108408,192.168.0.31,162.254.198.69,26262,27021,TCP,TLS,107
2024-12-04T20:47:30.116149,162.254.198.69,192.168.0.31,27021,26262,TCP,TCP,60
2024-12-04T20:47:30.454360,192.168.0.1,192.168.0.255,9431,9431,UDP,DATA,115
2024-12-04T20:47:31.476567,192.168.0.1,192.168.0.255,9431,9431,UDP,DATA,115
2024-12-04T20:47:32.502336,192.168.0.1,192.168.0.255,9431,9431,UDP,DATA,115
2024-12-04T20:47:33.423863,192.168.0.1,192.168.0.255,9431,9431,UDP,DATA,115
2024-12-04T20:47:34.447888,192.168.0.1,192.168.0.255,9431,9431,UDP,DATA,115
2024-12-04T20:47:35.471916,192.168.0.1,192.168.0.255,9431,9431,UDP,DATA,115
2024-12-04T20:47:36.495966,192.168.0.1,192.168.0.255,9431,9431,UDP,DATA,115
2024-12-04T20:47:37.519927,192.168.0.1,192.168.0.255,9431,9431,UDP,DATA,115
2024-12-04T20:47:38.441584,192.168.0.1,192.168.0.255,9431,9431,UDP,DATA,115
2024-12-04T20:47:39.122111,127.0.0.1,127.0.0.1,51641,51638,TCP,DATA,45
2024-12-04T20:47:39.122158,127.0.0.1,127.0.0.1,51638,51641,TCP,TCP,56
2024-12-04T20:47:39.465426,192.168.0.1,192.168.0.255,9431,9431,UDP,DATA,115
2024-12-04T20:47:39.801709,127.0.0.1,127.0.0.1,51642,51636,TCP,DATA,45
2024-12-04T20:47:39.801741,127.0.0.1,127.0.0.1,51636,51642,TCP,TCP,56
2024-12-04T20:47:40.489544,192.168.0.1,192.168.0.255,9431,9431,UDP,DATA,115
2024-12-04T20:47:41.513418,192.168.0.1,192.168.0.255,9431,9431,UDP,DATA,115
2024-12-04T20:47:42.537418,192.168.0.1,192.168.0.255,9431,9431,UDP,DATA,115
2024-12-04T20:47:43.459074,192.168.0.1,192.168.0.255,9431,9431,UDP,DATA,115
2024-12-04T20:47:44.463975,83.255.218.225,192.168.0.31,443,26229,TCP,TLS,85
2024-12-04T20:47:44.464245,83.255.218.225,192.168.0.31,443,26229,TCP,TCP,54
2024-12-04T20:47:44.464429,192.168.0.31,83.255.218.225,26229,443,TCP,TCP,54
2024-12-04T20:47:44.483409,192.168.0.1,192.168.0.255,9431,9431,UDP,DATA,115
2024-12-04T20:47:45.507093,192.168.0.1,192.168.0.255,9431,9431,UDP,DATA,115
2024-12-04T20:47:46.531351,192.168.0.1,192.168.0.255,9431,9431,UDP,DATA,115
2024-12-04T20:47:47.555201,192.168.0.1,192.168.0.255,9431,9431,UDP,DATA,115
2024-12-04T20:47:48.476923,192.168.0.1,192.168.0.255,9431,9431,UDP,DATA,115
2024-12-04T20:47:49.500668,192.168.0.1,192.168.0.255,9431,9431,UDP,DATA,115
2024-12-04T20:47:50.524855,192.168.0.1,192.168.0.255,9431,9431,UDP,DATA,115
2024-12-04T20:47:51.548697,192.168.0.1,192.168.0.255,9431,9431,UDP,DATA,115
2024-12-04T20:47:52.470599,192.168.0.1,192.168.0.255,9431,9431,UDP,DATA,115
2024-12-04T20:47:53.494400,192.168.0.1,192.168.0.255,9431,9431,UDP,DATA,115
2024-12-04T20:47:54.518598,192.168.0.1,192.168.0.255,9431,9431,UDP,DATA,115
2024-12-04T20:47:55.542386,192.168.0.1,192.168.0.255,9431,9431,UDP,DATA,115
2024-12-04T20:47:56.566404,192.168.0.1,192.168.0.255,9431,9431,UDP,DATA,115
2024-12-04T20:47:57.213298,192.168.0.31,162.254.198.69,26262,27021,TCP,TLS,107
2024-12-04T20:47:57.221013,162.254.198.69,192.168.0.31,27021,26262,TCP,TCP,60
2024-12-04T20:47:57.488025,192.168.0.1,192.168.0.255,9431,9431,UDP,DATA,115
2024-12-04T20:47:58.512036,192.168.0.1,192.168.0.255,9431,9431,UDP,DATA,115
2024-12-04T20:47:59.535774,192.168.0.1,192.168.0.255,9431,9431,UDP,DATA,115
2024-12-04T20:48:00.559867,192.168.0.1,192.168.0.255,9431,9431,UDP,DATA,115
2024-12-04T20:48:01.584046,192.168.0.1,192.168.0.255,9431,9431,UDP,DATA,115
2024-12-04T20:48:02.505646,192.168.0.1,192.168.0.255,9431,9431,UDP,DATA,115
2024-12-04T20:48:03.529553,192.168.0.1,192.168.0.255,9431,9431,UDP,DATA,115
2024-12-04T20:48:03.840388,192.168.0.31,40.79.189.58,26357,443,TCP,TLS,172
2024-12-04T20:48:03.840452,192.168.0.31,40.79.189.58,26357,443,TCP,TLS,93
2024-12-04T20:48:03.840471,192.168.0.31,40.79.189.58,26357,443,TCP,TLS,4153
2024-12-04T20:48:04.085658,40.79.189.58,192.168.0.31,443,26357,TCP,TCP,60
2024-12-04T20:48:04.085658,40.79.189.58,192.168.0.31,443,26357,TCP,TCP,60
2024-12-04T20:48:04.093583,40.79.189.58,192.168.0.31,443,26357,TCP,TLS,93
2024-12-04T20:48:04.148063,192.168.0.31,40.79.189.58,26357,443,TCP,TCP,54
2024-12-04T20:48:04.392457,40.79.189.58,192.168.0.31,443,26357,TCP,TLS,153
2024-12-04T20:48:04.393032,192.168.0.31,40.79.189.58,26357,443,TCP,TLS,89
2024-12-04T20:48:04.553553,192.168.0.1,192.168.0.255,9431,9431,UDP,DATA,115
2024-12-04T20:48:04.584752,192.168.0.31,192.168.0.1,64141,53,UDP,DNS,92
2024-12-04T20:48:04.591685,192.168.0.1,192.168.0.31,53,64141,UDP,DNS,215
2024-12-04T20:48:04.592213,192.168.0.31,20.189.173.10,26378,443,TCP,TCP,66
2024-12-04T20:48:04.678976,40.79.189.58,192.168.0.31,443,26357,TCP,TCP,60
2024-12-04T20:48:04.766018,20.189.173.10,192.168.0.31,443,26378,TCP,TCP,66
2024-12-04T20:48:04.766067,192.168.0.31,20.189.173.10,26378,443,TCP,TCP,54
2024-12-04T20:48:04.766360,192.168.0.31,20.189.173.10,26378,443,TCP,TLS,571
2024-12-04T20:48:04.939967,20.189.173.10,192.168.0.31,443,26378,TCP,TLS,153
2024-12-04T20:48:04.942729,192.168.0.31,20.189.173.10,26378,443,TCP,TLS,491
2024-12-04T20:48:05.122843,20.189.173.10,192.168.0.31,443,26378,TCP,TLS,1514
2024-12-04T20:48:05.123939,20.189.173.10,192.168.0.31,443,26378,TCP,TCP,1514
2024-12-04T20:48:05.123939,20.189.173.10,192.168.0.31,443,26378,TCP,TCP,1514
2024-12-04T20:48:05.123939,20.189.173.10,192.168.0.31,443,26378,TCP,TLS,206
2024-12-04T20:48:05.123973,192.168.0.31,20.189.173.10,26378,443,TCP,TCP,54
2024-12-04T20:48:05.124781,192.168.0.31,20.189.173.10,26378,443,TCP,TLS,1997
2024-12-04T20:48:05.298042,20.189.173.10,192.168.0.31,443,26378,TCP,TCP,54
2024-12-04T20:48:05.299930,20.189.173.10,192.168.0.31,443,26378,TCP,TLS,157
2024-12-04T20:48:05.303307,20.189.173.10,192.168.0.31,443,26378,TCP,TLS,519
2024-12-04T20:48:05.303333,192.168.0.31,20.189.173.10,26378,443,TCP,TCP,54
2024-12-04T20:48:05.303787,192.168.0.31,20.189.173.10,26378,443,TCP,TLS,78
2024-12-04T20:48:05.303851,192.168.0.31,20.189.173.10,26378,443,TCP,TCP,54
2024-12-04T20:48:05.477033,20.189.173.10,192.168.0.31,443,26378,TCP,TCP,54
2024-12-04T20:48:05.577671,192.168.0.1,192.168.0.255,9431,9431,UDP,DATA,115
2024-12-04T20:48:06.601629,192.168.0.1,192.168.0.255,9431,9431,UDP,DATA,115
2024-12-04T20:48:07.523283,192.168.0.1,192.168.0.255,9431,9431,UDP,DATA,115
2024-12-04T20:48:08.547274,192.168.0.1,192.168.0.255,9431,9431,UDP,DATA,115
2024-12-04T20:48:09.571280,192.168.0.1,192.168.0.255,9431,9431,UDP,DATA,115
2024-12-04T20:48:09.595900,N/A,N/A,N/A,N/A,N/A,ARP,52
2024-12-04T20:48:09.595940,N/A,N/A,N/A,N/A,N/A,ARP,42
2024-12-04T20:48:10.595284,192.168.0.1,192.168.0.255,9431,9431,UDP,DATA,115
2024-12-04T20:48:11.619155,192.168.0.1,192.168.0.255,9431,9431,UDP,DATA,115
2024-12-04T20:48:12.540747,192.168.0.1,192.168.0.255,9431,9431,UDP,DATA,115
2024-12-04T20:48:13.564875,192.168.0.1,192.168.0.255,9431,9431,UDP,DATA,115
2024-12-04T20:48:14.588901,192.168.0.1,192.168.0.255,9431,9431,UDP,DATA,115
2024-12-04T20:48:15.612762,192.168.0.1,192.168.0.255,9431,9431,UDP,DATA,115
2024-12-04T20:48:16.636892,192.168.0.1,192.168.0.255,9431,9431,UDP,DATA,115
2024-12-04T20:48:17.556832,192.168.0.1,192.168.0.255,9431,9431,UDP,DATA,115
2024-12-04T20:48:18.582512,192.168.0.1,192.168.0.255,9431,9431,UDP,DATA,115
2024-12-04T20:48:19.606525,192.168.0.1,192.168.0.255,9431,9431,UDP,DATA,115
2024-12-04T20:48:20.628590,192.168.0.1,192.168.0.255,9431,9431,UDP,DATA,115
2024-12-04T20:48:21.560151,192.168.0.1,192.168.0.255,9431,9431,UDP,DATA,115
2024-12-04T20:48:22.576078,192.168.0.1,192.168.0.255,9431,9431,UDP,DATA,115
2024-12-04T20:48:23.600164,192.168.0.1,192.168.0.255,9431,9431,UDP,DATA,115
2024-12-04T20:48:24.122159,127.0.0.1,127.0.0.1,51641,51638,TCP,DATA,45
2024-12-04T20:48:24.122209,127.0.0.1,127.0.0.1,51638,51641,TCP,TCP,56
2024-12-04T20:48:24.339483,192.168.0.31,162.254.198.69,26262,27021,TCP,TLS,107
2024-12-04T20:48:24.347718,162.254.198.69,192.168.0.31,27021,26262,TCP,TCP,60
2024-12-04T20:48:24.624163,192.168.0.1,192.168.0.255,9431,9431,UDP,DATA,115
2024-12-04T20:48:24.804039,127.0.0.1,127.0.0.1,51638,51641,TCP,DATA,45
2024-12-04T20:48:24.804039,127.0.0.1,127.0.0.1,51636,51642,TCP,DATA,45
2024-12-04T20:48:24.804088,127.0.0.1,127.0.0.1,51642,51636,TCP,TCP,56
2024-12-04T20:48:24.804092,127.0.0.1,127.0.0.1,51641,51638,TCP,TCP,56
2024-12-04T20:48:24.804096,127.0.0.1,127.0.0.1,51642,51636,TCP,DATA,45
2024-12-04T20:48:24.804123,127.0.0.1,127.0.0.1,51636,51642,TCP,TCP,56
2024-12-04T20:48:25.648165,192.168.0.1,192.168.0.255,9431,9431,UDP,DATA,115
2024-12-04T20:48:26.569752,192.168.0.1,192.168.0.255,9431,9431,UDP,DATA,115
2024-12-04T20:48:27.593766,192.168.0.1,192.168.0.255,9431,9431,UDP,DATA,115
2024-12-04T20:48:28.194661,192.168.0.31,192.168.0.1,56141,53,UDP,DNS,94
2024-12-04T20:48:28.202756,192.168.0.1,192.168.0.31,53,56141,UDP,DNS,142
2024-12-04T20:48:28.617785,192.168.0.1,192.168.0.255,9431,9431,UDP,DATA,115
2024-12-04T20:48:29.641785,192.168.0.1,192.168.0.255,9431,9431,UDP,DATA,115
2024-12-04T20:48:30.665807,192.168.0.1,192.168.0.255,9431,9431,UDP,DATA,115
2024-12-04T20:48:31.587410,192.168.0.1,192.168.0.255,9431,9431,UDP,DATA,115
2024-12-04T20:48:32.611421,192.168.0.1,192.168.0.255,9431,9431,UDP,DATA,115
2024-12-04T20:48:33.635389,192.168.0.1,192.168.0.255,9431,9431,UDP,DATA,115
2024-12-04T20:48:34.659410,192.168.0.1,192.168.0.255,9431,9431,UDP,DATA,115
2024-12-04T20:48:35.683418,192.168.0.1,192.168.0.255,9431,9431,UDP,DATA,115
2024-12-04T20:48:36.605007,192.168.0.1,192.168.0.255,9431,9431,UDP,DATA,115
2024-12-04T20:48:37.629003,192.168.0.1,192.168.0.255,9431,9431,UDP,DATA,115
2024-12-04T20:48:38.653034,192.168.0.1,192.168.0.255,9431,9431,UDP,DATA,115
2024-12-04T20:48:39.675049,192.168.0.1,192.168.0.255,9431,9431,UDP,DATA,115
2024-12-04T20:48:40.701004,192.168.0.1,192.168.0.255,9431,9431,UDP,DATA,115
2024-12-04T20:48:41.622563,192.168.0.1,192.168.0.255,9431,9431,UDP,DATA,115
2024-12-04T20:48:42.646663,192.168.0.1,192.168.0.255,9431,9431,UDP,DATA,115
2024-12-04T20:48:43.670666,192.168.0.1,192.168.0.255,9431,9431,UDP,DATA,115
2024-12-04T20:48:44.694658,192.168.0.1,192.168.0.255,9431,9431,UDP,DATA,115
2024-12-04T20:48:45.718706,192.168.0.1,192.168.0.255,9431,9431,UDP,DATA,115
2024-12-04T20:48:46.640295,192.168.0.1,192.168.0.255,9431,9431,UDP,DATA,115
2024-12-04T20:48:47.664300,192.168.0.1,192.168.0.255,9431,9431,UDP,DATA,115
2024-12-04T20:48:48.688293,192.168.0.1,192.168.0.255,9431,9431,UDP,DATA,115
2024-12-04T20:48:49.683900,192.168.0.31,40.79.189.58,26357,443,TCP,DATA,55
2024-12-04T20:48:49.712291,192.168.0.1,192.168.0.255,9431,9431,UDP,DATA,115
2024-12-04T20:48:49.928798,40.79.189.58,192.168.0.31,443,26357,TCP,TCP,66
2024-12-04T20:48:50.225760,192.168.0.33,224.0.0.251,5353,5353,UDP,MDNS,581
2024-12-04T20:48:50.225760,fe80::6599:18d7:c38:744e,ff02::fb,5353,5353,UDP,MDNS,601
2024-12-04T20:48:50.736234,192.168.0.1,192.168.0.255,9431,9431,UDP,DATA,115
2024-12-04T20:48:51.478201,192.168.0.31,162.254.198.69,26262,27021,TCP,TLS,107
2024-12-04T20:48:51.486614,162.254.198.69,192.168.0.31,27021,26262,TCP,TCP,60
2024-12-04T20:48:51.657923,192.168.0.1,192.168.0.255,9431,9431,UDP,DATA,115
2024-12-04T20:48:52.681929,192.168.0.1,192.168.0.255,9431,9431,UDP,DATA,115
2024-12-04T20:48:53.705792,192.168.0.1,192.168.0.255,9431,9431,UDP,DATA,115
2024-12-04T20:48:54.737931,192.168.0.1,192.168.0.255,9431,9431,UDP,DATA,115
2024-12-04T20:48:55.651513,192.168.0.1,192.168.0.255,9431,9431,UDP,DATA,115
2024-12-04T20:48:56.675534,192.168.0.1,192.168.0.255,9431,9431,UDP,DATA,115
2024-12-04T20:48:57.699450,192.168.0.1,192.168.0.255,9431,9431,UDP,DATA,115
2024-12-04T20:48:58.723473,192.168.0.1,192.168.0.255,9431,9431,UDP,DATA,115
2024-12-04T20:48:59.747468,192.168.0.1,192.168.0.255,9431,9431,UDP,DATA,115
2024-12-04T20:49:00.677146,192.168.0.1,192.168.0.255,9431,9431,UDP,DATA,115
2024-12-04T20:49:01.693170,192.168.0.1,192.168.0.255,9431,9431,UDP,DATA,115
2024-12-04T20:49:02.717179,192.168.0.1,192.168.0.255,9431,9431,UDP,DATA,115
2024-12-04T20:49:03.741181,192.168.0.1,192.168.0.255,9431,9431,UDP,DATA,115
2024-12-04T20:49:04.765210,192.168.0.1,192.168.0.255,9431,9431,UDP,DATA,115
2024-12-04T20:49:05.379661,192.168.0.1,224.0.0.1,N/A,N/A,N/A,IGMP,52
2024-12-04T20:49:05.379661,fe80::3e58:5dff:feb6:317,ff02::1,N/A,N/A,N/A,ICMPV6,90
2024-12-04T20:49:05.686796,192.168.0.1,192.168.0.255,9431,9431,UDP,DATA,115
2024-12-04T20:49:05.848521,192.168.0.31,224.0.0.22,N/A,N/A,N/A,IGMP,70
2024-12-04T20:49:05.848640,fe80::dcdf:43c1:182a:735a,ff02::16,N/A,N/A,N/A,ICMPV6,150
2024-12-04T20:49:06.200265,192.168.0.33,224.0.0.251,5353,5353,UDP,MDNS,581
2024-12-04T20:49:06.200265,fe80::6599:18d7:c38:744e,ff02::fb,5353,5353,UDP,MDNS,601
2024-12-04T20:49:06.710804,192.168.0.1,192.168.0.255,9431,9431,UDP,DATA,115
2024-12-04T20:49:07.734785,192.168.0.1,192.168.0.255,9431,9431,UDP,DATA,115
2024-12-04T20:49:08.758790,192.168.0.1,192.168.0.255,9431,9431,UDP,DATA,115
2024-12-04T20:49:09.126503,127.0.0.1,127.0.0.1,51641,51638,TCP,DATA,45
2024-12-04T20:49:09.126551,127.0.0.1,127.0.0.1,51638,51641,TCP,TCP,56
2024-12-04T20:49:09.782681,192.168.0.1,192.168.0.255,9431,9431,UDP,DATA,115
2024-12-04T20:49:09.810691,127.0.0.1,127.0.0.1,51642,51636,TCP,DATA,45
2024-12-04T20:49:09.810730,127.0.0.1,127.0.0.1,51636,51642,TCP,TCP,56
2024-12-04T20:49:10.704401,192.168.0.1,192.168.0.255,9431,9431,UDP,DATA,115
2024-12-04T20:49:11.728430,192.168.0.1,192.168.0.255,9431,9431,UDP,DATA,115
2024-12-04T20:49:12.752422,192.168.0.1,192.168.0.255,9431,9431,UDP,DATA,115
2024-12-04T20:49:13.776423,192.168.0.1,192.168.0.255,9431,9431,UDP,DATA,115
2024-12-04T20:49:14.800433,192.168.0.1,192.168.0.255,9431,9431,UDP,DATA,115
2024-12-04T20:49:15.722060,192.168.0.1,192.168.0.255,9431,9431,UDP,DATA,115
2024-12-04T20:49:16.746000,192.168.0.1,192.168.0.255,9431,9431,UDP,DATA,115
2024-12-04T20:49:17.770078,192.168.0.1,192.168.0.255,9431,9431,UDP,DATA,115
2024-12-04T20:49:18.585815,192.168.0.31,162.254.198.69,26262,27021,TCP,TLS,107
2024-12-04T20:49:18.595989,162.254.198.69,192.168.0.31,27021,26262,TCP,TCP,60
2024-12-04T20:49:18.802157,192.168.0.1,192.168.0.255,9431,9431,UDP,DATA,115
2024-12-04T20:49:19.818053,192.168.0.1,192.168.0.255,9431,9431,UDP,DATA,115
2024-12-04T20:49:20.739641,192.168.0.1,192.168.0.255,9431,9431,UDP,DATA,115
2024-12-04T20:49:21.761620,192.168.0.1,192.168.0.255,9431,9431,UDP,DATA,115
2024-12-04T20:49:22.788800,192.168.0.1,192.168.0.255,9431,9431,UDP,DATA,115
2024-12-04T20:49:23.811630,192.168.0.1,192.168.0.255,9431,9431,UDP,DATA,115
2024-12-04T20:49:24.805562,127.0.0.1,127.0.0.1,51636,51642,TCP,DATA,45
2024-12-04T20:49:24.805562,127.0.0.1,127.0.0.1,51638,51641,TCP,DATA,45
2024-12-04T20:49:24.805595,127.0.0.1,127.0.0.1,51642,51636,TCP,TCP,56
2024-12-04T20:49:24.805595,127.0.0.1,127.0.0.1,51641,51638,TCP,TCP,56
2024-12-04T20:49:24.835643,192.168.0.1,192.168.0.255,9431,9431,UDP,DATA,115
2024-12-04T20:49:25.194383,192.168.0.31,192.168.0.1,51767,53,UDP,DNS,82
2024-12-04T20:49:25.194521,192.168.0.31,192.168.0.1,59425,53,UDP,DNS,82
2024-12-04T20:49:25.205197,192.168.0.1,192.168.0.31,53,51767,UDP,DNS,130
2024-12-04T20:49:25.205731,192.168.0.1,192.168.0.31,53,59425,UDP,DNS,179
2024-12-04T20:49:25.206094,192.168.0.31,152.199.19.160,26379,443,TCP,TCP,66
2024-12-04T20:49:25.215342,152.199.19.160,192.168.0.31,443,26379,TCP,TCP,66
2024-12-04T20:49:25.215409,192.168.0.31,152.199.19.160,26379,443,TCP,TCP,54
2024-12-04T20:49:25.215999,192.168.0.31,152.199.19.160,26379,443,TCP,TLS,2057
2024-12-04T20:49:25.225133,152.199.19.160,192.168.0.31,443,26379,TCP,TCP,54
2024-12-04T20:49:25.225339,152.199.19.160,192.168.0.31,443,26379,TCP,TCP,54
2024-12-04T20:49:25.225339,152.199.19.160,192.168.0.31,443,26379,TCP,TLS,153
2024-12-04T20:49:25.225934,192.168.0.31,152.199.19.160,26379,443,TCP,TLS,871
2024-12-04T20:49:25.239529,152.199.19.160,192.168.0.31,443,26379,TCP,TLS,1514
2024-12-04T20:49:25.239529,152.199.19.160,192.168.0.31,443,26379,TCP,TLS,1230
2024-12-04T20:49:25.239630,192.168.0.31,152.199.19.160,26379,443,TCP,TCP,66
2024-12-04T20:49:25.239737,192.168.0.31,152.199.19.160,26379,443,TCP,TCP,66
2024-12-04T20:49:25.244918,152.199.19.160,192.168.0.31,443,26379,TCP,TLS,1514
2024-12-04T20:49:25.244918,152.199.19.160,192.168.0.31,443,26379,TCP,TLS,947
2024-12-04T20:49:25.245027,192.168.0.31,152.199.19.160,26379,443,TCP,TCP,66
2024-12-04T20:49:25.245134,192.168.0.31,152.199.19.160,26379,443,TCP,TCP,66
2024-12-04T20:49:25.254282,152.199.19.160,192.168.0.31,443,26379,TCP,TLS,1514
2024-12-04T20:49:25.254433,192.168.0.31,152.199.19.160,26379,443,TCP,TCP,54
2024-12-04T20:49:25.255927,192.168.0.31,152.199.19.160,26379,443,TCP,TLS,128
2024-12-04T20:49:25.256325,192.168.0.31,152.199.19.160,26379,443,TCP,TLS,146
2024-12-04T20:49:25.256664,192.168.0.31,152.199.19.160,26379,443,TCP,TLS,328
2024-12-04T20:49:25.263762,152.199.19.160,192.168.0.31,443,26379,TCP,TLS,309
2024-12-04T20:49:25.263762,152.199.19.160,192.168.0.31,443,26379,TCP,TLS,309
2024-12-04T20:49:25.263762,152.199.19.160,192.168.0.31,443,26379,TCP,TLS,162
2024-12-04T20:49:25.263762,152.199.19.160,192.168.0.31,443,26379,TCP,TLS,85
2024-12-04T20:49:25.263957,192.168.0.31,152.199.19.160,26379,443,TCP,TCP,54
2024-12-04T20:49:25.264427,192.168.0.31,152.199.19.160,26379,443,TCP,TLS,85
2024-12-04T20:49:25.270469,152.199.19.160,192.168.0.31,443,26379,TCP,TLS,1514
2024-12-04T20:49:25.270469,152.199.19.160,192.168.0.31,443,26379,TCP,TCP,1514
2024-12-04T20:49:25.270469,152.199.19.160,192.168.0.31,443,26379,TCP,TCP,1514
2024-12-04T20:49:25.270469,152.199.19.160,192.168.0.31,443,26379,TCP,TCP,1514
2024-12-04T20:49:25.270469,152.199.19.160,192.168.0.31,443,26379,TCP,TCP,1514
2024-12-04T20:49:25.270469,152.199.19.160,192.168.0.31,443,26379,TCP,TCP,1514
2024-12-04T20:49:25.270469,152.199.19.160,192.168.0.31,443,26379,TCP,TCP,1514
2024-12-04T20:49:25.270469,152.199.19.160,192.168.0.31,443,26379,TCP,TCP,1514
2024-12-04T20:49:25.270469,152.199.19.160,192.168.0.31,443,26379,TCP,TCP,1514
2024-12-04T20:49:25.270469,152.199.19.160,192.168.0.31,443,26379,TCP,TCP,1514
2024-12-04T20:49:25.270469,152.199.19.160,192.168.0.31,443,26379,TCP,TCP,1514
2024-12-04T20:49:25.270469,152.199.19.160,192.168.0.31,443,26379,TCP,TLS,1514
2024-12-04T20:49:25.270469,152.199.19.160,192.168.0.31,443,26379,TCP,TCP,1514
2024-12-04T20:49:25.270469,152.199.19.160,192.168.0.31,443,26379,TCP,TCP,1514
2024-12-04T20:49:25.270469,152.199.19.160,192.168.0.31,443,26379,TCP,TCP,1514
2024-12-04T20:49:25.270469,152.199.19.160,192.168.0.31,443,26379,TCP,TCP,1514
2024-12-04T20:49:25.270469,152.199.19.160,192.168.0.31,443,26379,TCP,TCP,1514
2024-12-04T20:49:25.270469,152.199.19.160,192.168.0.31,443,26379,TCP,TCP,1514
2024-12-04T20:49:25.270469,152.199.19.160,192.168.0.31,443,26379,TCP,TCP,1514
2024-12-04T20:49:25.270469,152.199.19.160,192.168.0.31,443,26379,TCP,TCP,1514
2024-12-04T20:49:25.270469,152.199.19.160,192.168.0.31,443,26379,TCP,TCP,1514
2024-12-04T20:49:25.270469,152.199.19.160,192.168.0.31,443,26379,TCP,TCP,1514
2024-12-04T20:49:25.270469,152.199.19.160,192.168.0.31,443,26379,TCP,TLS,1514
2024-12-04T20:49:25.270469,152.199.19.160,192.168.0.31,443,26379,TCP,TCP,1514
2024-12-04T20:49:25.270469,152.199.19.160,192.168.0.31,443,26379,TCP,TCP,1514
2024-12-04T20:49:25.271076,192.168.0.31,152.199.19.160,26379,443,TCP,TCP,54
2024-12-04T20:49:25.273161,152.199.19.160,192.168.0.31,443,26379,TCP,TCP,1514
2024-12-04T20:49:25.273161,152.199.19.160,192.168.0.31,443,26379,TCP,TCP,1514
2024-12-04T20:49:25.273161,152.199.19.160,192.168.0.31,443,26379,TCP,TCP,1514
2024-12-04T20:49:25.273161,152.199.19.160,192.168.0.31,443,26379,TCP,TCP,1514
2024-12-04T20:49:25.273311,192.168.0.31,152.199.19.160,26379,443,TCP,TCP,54
2024-12-04T20:49:25.279014,152.199.19.160,192.168.0.31,443,26379,TCP,TCP,1514
2024-12-04T20:49:25.279014,152.199.19.160,192.168.0.31,443,26379,TCP,TCP,1514
2024-12-04T20:49:25.279014,152.199.19.160,192.168.0.31,443,26379,TCP,TLS,104
2024-12-04T20:49:25.279039,192.168.0.31,152.199.19.160,26379,443,TCP,TCP,54
2024-12-04T20:49:25.755292,192.168.0.1,192.168.0.255,9431,9431,UDP,DATA,115
2024-12-04T20:49:26.779187,192.168.0.1,192.168.0.255,9431,9431,UDP,DATA,115
2024-12-04T20:49:27.805282,192.168.0.1,192.168.0.255,9431,9431,UDP,DATA,115
2024-12-04T20:49:28.247625,192.168.0.31,192.168.0.1,65169,53,UDP,DNS,94
2024-12-04T20:49:28.255323,192.168.0.1,192.168.0.31,53,65169,UDP,DNS,142
2024-12-04T20:49:28.837561,192.168.0.1,192.168.0.255,9431,9431,UDP,DATA,115
2024-12-04T20:49:29.861531,192.168.0.1,192.168.0.255,9431,9431,UDP,DATA,115
2024-12-04T20:49:30.220140,N/A,N/A,N/A,N/A,N/A,ARP,52
2024-12-04T20:49:30.220178,N/A,N/A,N/A,N/A,N/A,ARP,42
2024-12-04T20:49:30.772946,192.168.0.1,192.168.0.255,9431,9431,UDP,DATA,115
2024-12-04T20:49:31.798941,192.168.0.1,192.168.0.255,9431,9431,UDP,DATA,115
2024-12-04T20:49:32.820947,192.168.0.1,192.168.0.255,9431,9431,UDP,DATA,115
2024-12-04T20:49:33.846932,192.168.0.1,192.168.0.255,9431,9431,UDP,DATA,115
2024-12-04T20:49:34.766566,192.168.0.1,192.168.0.255,9431,9431,UDP,DATA,115
2024-12-04T20:49:34.942583,192.168.0.31,40.79.189.58,26357,443,TCP,DATA,55
2024-12-04T20:49:35.187641,40.79.189.58,192.168.0.31,443,26357,TCP,TCP,66
2024-12-04T20:49:35.792524,192.168.0.1,192.168.0.255,9431,9431,UDP,DATA,115
2024-12-04T20:49:36.816516,192.168.0.1,192.168.0.255,9431,9431,UDP,DATA,115
2024-12-04T20:49:37.840541,192.168.0.1,192.168.0.255,9431,9431,UDP,DATA,115
2024-12-04T20:49:38.864553,192.168.0.1,192.168.0.255,9431,9431,UDP,DATA,115
2024-12-04T20:49:39.786197,192.168.0.1,192.168.0.255,9431,9431,UDP,DATA,115
2024-12-04T20:49:40.810201,192.168.0.1,192.168.0.255,9431,9431,UDP,DATA,115
2024-12-04T20:49:41.834200,192.168.0.1,192.168.0.255,9431,9431,UDP,DATA,115
2024-12-04T20:49:42.858195,192.168.0.1,192.168.0.255,9431,9431,UDP,DATA,115
2024-12-04T20:49:43.882131,192.168.0.1,192.168.0.255,9431,9431,UDP,DATA,115
2024-12-04T20:49:44.803787,192.168.0.1,192.168.0.255,9431,9431,UDP,DATA,115
2024-12-04T20:49:45.713912,192.168.0.31,162.254.198.69,26262,27021,TCP,TLS,107
2024-12-04T20:49:45.721584,162.254.198.69,192.168.0.31,27021,26262,TCP,TCP,60
2024-12-04T20:49:45.827817,192.168.0.1,192.168.0.255,9431,9431,UDP,DATA,115
2024-12-04T20:49:46.851698,192.168.0.1,192.168.0.255,9431,9431,UDP,DATA,115
2024-12-04T20:49:47.883716,192.168.0.1,192.168.0.255,9431,9431,UDP,DATA,115
2024-12-04T20:49:48.797278,192.168.0.1,192.168.0.255,9431,9431,UDP,DATA,115
2024-12-04T20:49:49.821399,192.168.0.1,192.168.0.255,9431,9431,UDP,DATA,115
2024-12-04T20:49:50.845438,192.168.0.1,192.168.0.255,9431,9431,UDP,DATA,115
2024-12-04T20:49:51.869439,192.168.0.1,192.168.0.255,9431,9431,UDP,DATA,115
2024-12-04T20:49:52.893449,192.168.0.1,192.168.0.255,9431,9431,UDP,DATA,115
2024-12-04T20:49:53.813070,192.168.0.1,192.168.0.255,9431,9431,UDP,DATA,115
2024-12-04T20:49:54.126586,127.0.0.1,127.0.0.1,51641,51638,TCP,DATA,45
2024-12-04T20:49:54.126630,127.0.0.1,127.0.0.1,51638,51641,TCP,TCP,56
2024-12-04T20:49:54.824514,127.0.0.1,127.0.0.1,51642,51636,TCP,DATA,45
2024-12-04T20:49:54.824552,127.0.0.1,127.0.0.1,51636,51642,TCP,TCP,56
2024-12-04T20:49:54.839020,192.168.0.1,192.168.0.255,9431,9431,UDP,DATA,115
2024-12-04T20:49:55.863058,192.168.0.1,192.168.0.255,9431,9431,UDP,DATA,115
2024-12-04T20:49:56.886949,192.168.0.1,192.168.0.255,9431,9431,UDP,DATA,115
2024-12-04T20:49:57.911083,192.168.0.1,192.168.0.255,9431,9431,UDP,DATA,115
2024-12-04T20:49:58.832658,192.168.0.1,192.168.0.255,9431,9431,UDP,DATA,115
2024-12-04T20:49:59.856662,192.168.0.1,192.168.0.255,9431,9431,UDP,DATA,115
2024-12-04T20:50:00.880700,192.168.0.1,192.168.0.255,9431,9431,UDP,DATA,115
2024-12-04T20:50:01.904698,192.168.0.1,192.168.0.255,9431,9431,UDP,DATA,115
2024-12-04T20:50:02.928660,192.168.0.1,192.168.0.255,9431,9431,UDP,DATA,115
2024-12-04T20:50:03.850278,192.168.0.1,192.168.0.255,9431,9431,UDP,DATA,115
2024-12-04T20:50:04.874316,192.168.0.1,192.168.0.255,9431,9431,UDP,DATA,115
2024-12-04T20:50:05.898275,192.168.0.1,192.168.0.255,9431,9431,UDP,DATA,115
2024-12-04T20:50:06.922302,192.168.0.1,192.168.0.255,9431,9431,UDP,DATA,115
2024-12-04T20:50:07.946287,192.168.0.1,192.168.0.255,9431,9431,UDP,DATA,115
2024-12-04T20:50:08.867912,192.168.0.1,192.168.0.255,9431,9431,UDP,DATA,115
2024-12-04T20:50:09.043491,40.79.189.58,192.168.0.31,443,26357,TCP,TCP,54
2024-12-04T20:50:09.891789,192.168.0.1,192.168.0.255,9431,9431,UDP,DATA,115
2024-12-04T20:50:10.292261,192.168.0.31,152.199.19.160,26379,443,TCP,DATA,55
2024-12-04T20:50:10.299883,152.199.19.160,192.168.0.31,443,26379,TCP,TCP,66
2024-12-04T20:50:10.915858,192.168.0.1,192.168.0.255,9431,9431,UDP,DATA,115
2024-12-04T20:50:11.939716,192.168.0.1,192.168.0.255,9431,9431,UDP,DATA,115
2024-12-04T20:50:12.855122,192.168.0.31,162.254.198.69,26262,27021,TCP,TLS,107
2024-12-04T20:50:12.864373,162.254.198.69,192.168.0.31,27021,26262,TCP,TCP,60
2024-12-04T20:50:12.971859,192.168.0.1,192.168.0.255,9431,9431,UDP,DATA,115
2024-12-04T20:50:13.885533,192.168.0.1,192.168.0.255,9431,9431,UDP,DATA,115
2024-12-04T20:50:14.044133,N/A,N/A,N/A,N/A,N/A,ARP,52
2024-12-04T20:50:14.044172,N/A,N/A,N/A,N/A,N/A,ARP,42
2024-12-04T20:50:14.909549,192.168.0.1,192.168.0.255,9431,9431,UDP,DATA,115
2024-12-04T20:50:15.933569,192.168.0.1,192.168.0.255,9431,9431,UDP,DATA,115
2024-12-04T20:50:17.981488,192.168.0.1,192.168.0.255,9431,9431,UDP,DATA,115
2024-12-04T20:50:18.911137,192.168.0.1,192.168.0.255,9431,9431,UDP,DATA,115
2024-12-04T20:50:19.927001,192.168.0.1,192.168.0.255,9431,9431,UDP,DATA,115
2024-12-04T20:50:20.950952,192.168.0.1,192.168.0.255,9431,9431,UDP,DATA,115
2024-12-04T20:50:21.975044,192.168.0.1,192.168.0.255,9431,9431,UDP,DATA,115
2024-12-04T20:50:22.896716,192.168.0.1,192.168.0.255,9431,9431,UDP,DATA,115
2024-12-04T20:50:23.920636,192.168.0.1,192.168.0.255,9431,9431,UDP,DATA,115
2024-12-04T20:50:24.805629,127.0.0.1,127.0.0.1,51638,51641,TCP,DATA,45
2024-12-04T20:50:24.805665,127.0.0.1,127.0.0.1,51641,51638,TCP,TCP,56
2024-12-04T20:50:24.820767,127.0.0.1,127.0.0.1,51636,51642,TCP,DATA,45
2024-12-04T20:50:24.820808,127.0.0.1,127.0.0.1,51642,51636,TCP,TCP,56
2024-12-04T20:50:24.945292,192.168.0.1,192.168.0.255,9431,9431,UDP,DATA,115
2024-12-04T20:50:25.297522,192.168.0.31,192.168.0.1,54009,53,UDP,DNS,92
2024-12-04T20:50:25.305154,192.168.0.1,192.168.0.31,53,54009,UDP,DNS,218
2024-12-04T20:50:25.306029,192.168.0.31,52.182.143.211,26380,443,TCP,TCP,66
2024-12-04T20:50:25.443452,52.182.143.211,192.168.0.31,443,26380,TCP,TCP,66
2024-12-04T20:50:25.443618,192.168.0.31,52.182.143.211,26380,443,TCP,TCP,54
2024-12-04T20:50:25.444316,192.168.0.31,52.182.143.211,26380,443,TCP,TLS,571
2024-12-04T20:50:25.582086,52.182.143.211,192.168.0.31,443,26380,TCP,TLS,153
2024-12-04T20:50:25.584999,192.168.0.31,52.182.143.211,26380,443,TCP,TLS,491
2024-12-04T20:50:25.724375,52.182.143.211,192.168.0.31,443,26380,TCP,TLS,1514
2024-12-04T20:50:25.724688,52.182.143.211,192.168.0.31,443,26380,TCP,TCP,1514
2024-12-04T20:50:25.724688,52.182.143.211,192.168.0.31,443,26380,TCP,TCP,1514
2024-12-04T20:50:25.724688,52.182.143.211,192.168.0.31,443,26380,TCP,TLS,206
2024-12-04T20:50:25.724806,192.168.0.31,52.182.143.211,26380,443,TCP,TCP,54
2024-12-04T20:50:25.726761,192.168.0.31,52.182.143.211,26380,443,TCP,TLS,3383
2024-12-04T20:50:25.864258,52.182.143.211,192.168.0.31,443,26380,TCP,TCP,54
2024-12-04T20:50:25.864478,52.182.143.211,192.168.0.31,443,26380,TCP,TLS,157
2024-12-04T20:50:25.865296,52.182.143.211,192.168.0.31,443,26380,TCP,TLS,519
2024-12-04T20:50:25.865409,192.168.0.31,52.182.143.211,26380,443,TCP,TCP,54
2024-12-04T20:50:25.866163,192.168.0.31,52.182.143.211,26380,443,TCP,TLS,78
2024-12-04T20:50:25.866210,192.168.0.31,52.182.143.211,26380,443,TCP,TCP,54
2024-12-04T20:50:25.966626,192.168.0.1,192.168.0.255,9431,9431,UDP,DATA,115
2024-12-04T20:50:26.003458,52.182.143.211,192.168.0.31,443,26380,TCP,TCP,54
2024-12-04T20:50:26.992791,192.168.0.1,192.168.0.255,9431,9431,UDP,DATA,115
2024-12-04T20:50:27.914300,192.168.0.1,192.168.0.255,9431,9431,UDP,DATA,115
2024-12-04T20:50:28.255523,192.168.0.31,192.168.0.1,50257,53,UDP,DNS,94
2024-12-04T20:50:28.262998,192.168.0.1,192.168.0.31,53,50257,UDP,DNS,142
2024-12-04T20:50:28.938245,192.168.0.1,192.168.0.255,9431,9431,UDP,DATA,115
2024-12-04T20:50:29.962334,192.168.0.1,192.168.0.255,9431,9431,UDP,DATA,115
2024-12-04T20:50:30.891595,192.168.0.31,52.182.143.211,26381,443,TCP,TCP,66
2024-12-04T20:50:30.986368,192.168.0.1,192.168.0.255,9431,9431,UDP,DATA,115
2024-12-04T20:50:31.029172,52.182.143.211,192.168.0.31,443,26381,TCP,TCP,66
2024-12-04T20:50:31.029222,192.168.0.31,52.182.143.211,26381,443,TCP,TCP,54
2024-12-04T20:50:31.029386,192.168.0.31,52.182.143.211,26381,443,TCP,TLS,571
2024-12-04T20:50:31.166431,52.182.143.211,192.168.0.31,443,26381,TCP,TLS,153
2024-12-04T20:50:31.167852,192.168.0.31,52.182.143.211,26381,443,TCP,TLS,491
2024-12-04T20:50:31.306596,52.182.143.211,192.168.0.31,443,26381,TCP,TLS,1514
2024-12-04T20:50:31.306986,52.182.143.211,192.168.0.31,443,26381,TCP,TCP,1514
2024-12-04T20:50:31.306986,52.182.143.211,192.168.0.31,443,26381,TCP,TCP,1514
2024-12-04T20:50:31.306986,52.182.143.211,192.168.0.31,443,26381,TCP,TLS,206
2024-12-04T20:50:31.307021,192.168.0.31,52.182.143.211,26381,443,TCP,TCP,54
2024-12-04T20:50:31.307900,192.168.0.31,52.182.143.211,26381,443,TCP,TLS,4815
2024-12-04T20:50:31.444584,52.182.143.211,192.168.0.31,443,26381,TCP,TCP,54
2024-12-04T20:50:31.444972,52.182.143.211,192.168.0.31,443,26381,TCP,TLS,157
2024-12-04T20:50:31.445629,52.182.143.211,192.168.0.31,443,26381,TCP,TLS,519
2024-12-04T20:50:31.445656,192.168.0.31,52.182.143.211,26381,443,TCP,TCP,54
2024-12-04T20:50:31.446062,192.168.0.31,52.182.143.211,26381,443,TCP,TLS,78
2024-12-04T20:50:31.446111,192.168.0.31,52.182.143.211,26381,443,TCP,TCP,54
2024-12-04T20:50:31.582699,52.182.143.211,192.168.0.31,443,26381,TCP,TCP,54
2024-12-04T20:50:32.010282,192.168.0.1,192.168.0.255,9431,9431,UDP,DATA,115
2024-12-04T20:50:32.931940,192.168.0.1,192.168.0.255,9431,9431,UDP,DATA,115
2024-12-04T20:50:33.955995,192.168.0.1,192.168.0.255,9431,9431,UDP,DATA,115
2024-12-04T20:50:34.979790,192.168.0.1,192.168.0.255,9431,9431,UDP,DATA,115
2024-12-04T20:50:36.011875,192.168.0.1,192.168.0.255,9431,9431,UDP,DATA,115
2024-12-04T20:50:36.925491,192.168.0.1,192.168.0.255,9431,9431,UDP,DATA,115
2024-12-04T20:50:37.949595,192.168.0.1,192.168.0.255,9431,9431,UDP,DATA,115
2024-12-04T20:50:38.973679,192.168.0.1,192.168.0.255,9431,9431,UDP,DATA,115
2024-12-04T20:50:39.130973,127.0.0.1,127.0.0.1,51641,51638,TCP,DATA,45
2024-12-04T20:50:39.131009,127.0.0.1,127.0.0.1,51638,51641,TCP,TCP,56
2024-12-04T20:50:39.827897,127.0.0.1,127.0.0.1,51642,51636,TCP,DATA,45
2024-12-04T20:50:39.827913,127.0.0.1,127.0.0.1,51636,51642,TCP,TCP,56
2024-12-04T20:50:39.950919,192.168.0.31,162.254.198.69,26262,27021,TCP,TLS,107
2024-12-04T20:50:39.957950,162.254.198.69,192.168.0.31,27021,26262,TCP,TCP,60
2024-12-04T20:50:39.997606,192.168.0.1,192.168.0.255,9431,9431,UDP,DATA,115
2024-12-04T20:50:41.021621,192.168.0.1,192.168.0.255,9431,9431,UDP,DATA,115
2024-12-04T20:50:41.943213,192.168.0.1,192.168.0.255,9431,9431,UDP,DATA,115
2024-12-04T20:50:42.967165,192.168.0.1,192.168.0.255,9431,9431,UDP,DATA,115
2024-12-04T20:50:43.991212,192.168.0.1,192.168.0.255,9431,9431,UDP,DATA,115
2024-12-04T20:50:45.015114,192.168.0.1,192.168.0.255,9431,9431,UDP,DATA,115
2024-12-04T20:50:46.039335,192.168.0.1,192.168.0.255,9431,9431,UDP,DATA,115
2024-12-04T20:50:46.960746,192.168.0.1,192.168.0.255,9431,9431,UDP,DATA,115
2024-12-04T20:50:47.025108,192.168.0.31,192.168.0.1,62450,53,UDP,DNS,92
2024-12-04T20:50:47.032549,192.168.0.1,192.168.0.31,53,62450,UDP,DNS,218
2024-12-04T20:50:47.033661,192.168.0.31,52.182.143.211,26382,443,TCP,TCP,66
2024-12-04T20:50:47.170218,52.182.143.211,192.168.0.31,443,26382,TCP,TCP,66
2024-12-04T20:50:47.170360,192.168.0.31,52.182.143.211,26382,443,TCP,TCP,54
2024-12-04T20:50:47.171174,192.168.0.31,52.182.143.211,26382,443,TCP,TLS,571
2024-12-04T20:50:47.307739,52.182.143.211,192.168.0.31,443,26382,TCP,TLS,153
2024-12-04T20:50:47.310842,192.168.0.31,52.182.143.211,26382,443,TCP,TLS,491
2024-12-04T20:50:47.449019,52.182.143.211,192.168.0.31,443,26382,TCP,TLS,1514
2024-12-04T20:50:47.449375,52.182.143.211,192.168.0.31,443,26382,TCP,TCP,1514
2024-12-04T20:50:47.449375,52.182.143.211,192.168.0.31,443,26382,TCP,TCP,1514
2024-12-04T20:50:47.449375,52.182.143.211,192.168.0.31,443,26382,TCP,TLS,206
2024-12-04T20:50:47.449417,192.168.0.31,52.182.143.211,26382,443,TCP,TCP,54
2024-12-04T20:50:47.450539,192.168.0.31,52.182.143.211,26382,443,TCP,TLS,9061
2024-12-04T20:50:47.587550,52.182.143.211,192.168.0.31,443,26382,TCP,TCP,54
2024-12-04T20:50:47.587761,52.182.143.211,192.168.0.31,443,26382,TCP,TCP,54
2024-12-04T20:50:47.587761,52.182.143.211,192.168.0.31,443,26382,TCP,TLS,157
2024-12-04T20:50:47.588986,52.182.143.211,192.168.0.31,443,26382,TCP,TLS,519
2024-12-04T20:50:47.589053,192.168.0.31,52.182.143.211,26382,443,TCP,TCP,54
2024-12-04T20:50:47.589565,192.168.0.31,52.182.143.211,26382,443,TCP,TLS,78
2024-12-04T20:50:47.589717,192.168.0.31,52.182.143.211,26382,443,TCP,TCP,54
2024-12-04T20:50:47.726380,52.182.143.211,192.168.0.31,443,26382,TCP,TCP,54
2024-12-04T20:50:47.984743,192.168.0.1,192.168.0.255,9431,9431,UDP,DATA,115
2024-12-04T20:50:48.523622,192.168.0.31,192.168.0.1,54149,53,UDP,DNS,69
2024-12-04T20:50:48.525375,192.168.0.1,192.168.0.31,53,54149,UDP,DNS,69
2024-12-04T20:50:49.008923,192.168.0.1,192.168.0.255,9431,9431,UDP,DATA,115
2024-12-04T20:50:50.032853,192.168.0.1,192.168.0.255,9431,9431,UDP,DATA,115
2024-12-04T20:50:51.056967,192.168.0.1,192.168.0.255,9431,9431,UDP,DATA,115
2024-12-04T20:50:51.978496,192.168.0.1,192.168.0.255,9431,9431,UDP,DATA,115
2024-12-04T20:50:52.044179,N/A,N/A,N/A,N/A,N/A,ARP,52
2024-12-04T20:50:52.044218,N/A,N/A,N/A,N/A,N/A,ARP,42
2024-12-04T20:50:53.002560,192.168.0.1,192.168.0.255,9431,9431,UDP,DATA,115
2024-12-04T20:50:54.026555,192.168.0.1,192.168.0.255,9431,9431,UDP,DATA,115
2024-12-04T20:50:55.050591,192.168.0.1,192.168.0.255,9431,9431,UDP,DATA,115
2024-12-04T20:50:55.305517,192.168.0.31,152.199.19.160,26379,443,TCP,DATA,55
2024-12-04T20:50:55.312554,152.199.19.160,192.168.0.31,443,26379,TCP,TCP,66
2024-12-04T20:50:56.074429,192.168.0.1,192.168.0.255,9431,9431,UDP,DATA,115
2024-12-04T20:50:56.422235,192.168.0.31,52.113.194.132,26383,443,TCP,TCP,66
2024-12-04T20:50:56.435276,52.113.194.132,192.168.0.31,443,26383,TCP,TCP,66
2024-12-04T20:50:56.435438,192.168.0.31,52.113.194.132,26383,443,TCP,TCP,54
2024-12-04T20:50:56.435983,192.168.0.31,52.113.194.132,26383,443,TCP,TLS,543
2024-12-04T20:50:56.448135,52.113.194.132,192.168.0.31,443,26383,TCP,TCP,54
2024-12-04T20:50:56.449174,52.113.194.132,192.168.0.31,443,26383,TCP,TLS,1514
2024-12-04T20:50:56.449209,192.168.0.31,52.113.194.132,26383,443,TCP,TCP,54
2024-12-04T20:50:56.449590,52.113.194.132,192.168.0.31,443,26383,TCP,TCP,1514
2024-12-04T20:50:56.449590,52.113.194.132,192.168.0.31,443,26383,TCP,TCP,1514
2024-12-04T20:50:56.449590,52.113.194.132,192.168.0.31,443,26383,TCP,TCP,1514
2024-12-04T20:50:56.449590,52.113.194.132,192.168.0.31,443,26383,TCP,TLS,189
2024-12-04T20:50:56.449614,192.168.0.31,52.113.194.132,26383,443,TCP,TCP,54
2024-12-04T20:50:56.451371,192.168.0.31,52.113.194.132,26383,443,TCP,TLS,212
2024-12-04T20:50:56.465850,52.113.194.132,192.168.0.31,443,26383,TCP,TCP,54
2024-12-04T20:50:56.467824,52.113.194.132,192.168.0.31,443,26383,TCP,TLS,396
2024-12-04T20:50:56.467961,192.168.0.31,52.113.194.132,26383,443,TCP,TCP,54
2024-12-04T20:50:56.469452,192.168.0.31,52.113.194.132,26383,443,TCP,TLS,675
2024-12-04T20:50:56.488703,52.113.194.132,192.168.0.31,443,26383,TCP,TCP,60
2024-12-04T20:50:56.638127,52.113.194.132,192.168.0.31,443,26383,TCP,TLS,920
2024-12-04T20:50:56.638265,192.168.0.31,52.113.194.132,26383,443,TCP,TCP,54
2024-12-04T20:50:56.994308,192.168.0.1,192.168.0.255,9431,9431,UDP,DATA,115
2024-12-04T20:50:58.019937,192.168.0.1,192.168.0.255,9431,9431,UDP,DATA,115
2024-12-04T20:50:59.044057,192.168.0.1,192.168.0.255,9431,9431,UDP,DATA,115
2024-12-04T20:51:00.068012,192.168.0.1,192.168.0.255,9431,9431,UDP,DATA,115
2024-12-04T20:51:00.989800,192.168.0.1,192.168.0.255,9431,9431,UDP,DATA,115
2024-12-04T20:51:02.013597,192.168.0.1,192.168.0.255,9431,9431,UDP,DATA,115
2024-12-04T20:51:02.779996,192.168.0.31,20.54.36.229,26283,443,TCP,TCP,55
2024-12-04T20:51:02.819125,20.54.36.229,192.168.0.31,443,26283,TCP,TCP,66
2024-12-04T20:51:03.039110,192.168.0.1,192.168.0.255,9431,9431,UDP,DATA,115
2024-12-04T20:51:03.512258,192.168.0.31,192.168.0.1,53602,53,UDP,DNS,92
2024-12-04T20:51:03.512759,192.168.0.31,192.168.0.1,55703,53,UDP,DNS,92
2024-12-04T20:51:03.519351,192.168.0.1,192.168.0.31,53,53602,UDP,DNS,227
2024-12-04T20:51:03.519608,192.168.0.1,192.168.0.31,53,55703,UDP,DNS,276
2024-12-04T20:51:03.520887,192.168.0.31,104.46.162.226,26384,443,TCP,TCP,66
2024-12-04T20:51:03.547548,192.168.0.31,192.168.0.1,51819,53,UDP,DNS,92
2024-12-04T20:51:03.554088,192.168.0.1,192.168.0.31,53,51819,UDP,DNS,227
2024-12-04T20:51:03.555251,192.168.0.31,104.46.162.226,26385,443,TCP,TCP,66
2024-12-04T20:51:03.783926,192.168.0.31,104.46.162.226,26386,443,TCP,TCP,66
2024-12-04T20:51:03.784381,104.46.162.226,192.168.0.31,443,26384,TCP,TCP,66
2024-12-04T20:51:03.784419,192.168.0.31,104.46.162.226,26384,443,TCP,TCP,54
2024-12-04T20:51:03.784842,192.168.0.31,104.46.162.226,26384,443,TCP,TLS,1923
2024-12-04T20:51:03.815215,104.46.162.226,192.168.0.31,443,26385,TCP,TCP,66
2024-12-04T20:51:03.815284,192.168.0.31,104.46.162.226,26385,443,TCP,TCP,54
2024-12-04T20:51:03.815656,192.168.0.31,104.46.162.226,26385,443,TCP,TLS,571
2024-12-04T20:51:04.043362,104.46.162.226,192.168.0.31,443,26386,TCP,TCP,66
2024-12-04T20:51:04.043415,192.168.0.31,104.46.162.226,26386,443,TCP,TCP,54
2024-12-04T20:51:04.043903,192.168.0.31,104.46.162.226,26386,443,TCP,TLS,1892
2024-12-04T20:51:04.048007,104.46.162.226,192.168.0.31,443,26384,TCP,TCP,54
2024-12-04T20:51:04.059549,192.168.0.1,192.168.0.255,9431,9431,UDP,DATA,115
2024-12-04T20:51:04.076832,104.46.162.226,192.168.0.31,443,26385,TCP,TLS,153
2024-12-04T20:51:04.077553,192.168.0.31,104.46.162.226,26385,443,TCP,TLS,491
2024-12-04T20:51:04.105935,104.46.162.226,192.168.0.31,443,26384,TCP,TLS,153
2024-12-04T20:51:04.108957,192.168.0.31,104.46.162.226,26384,443,TCP,TLS,769
2024-12-04T20:51:04.303332,104.46.162.226,192.168.0.31,443,26386,TCP,TCP,54
2024-12-04T20:51:04.306773,104.46.162.226,192.168.0.31,443,26386,TCP,TLS,153
2024-12-04T20:51:04.307481,192.168.0.31,104.46.162.226,26386,443,TCP,TLS,738
2024-12-04T20:51:04.342622,104.46.162.226,192.168.0.31,443,26385,TCP,TLS,1514
2024-12-04T20:51:04.343052,104.46.162.226,192.168.0.31,443,26385,TCP,TCP,1514
2024-12-04T20:51:04.343052,104.46.162.226,192.168.0.31,443,26385,TCP,TCP,1514
2024-12-04T20:51:04.343052,104.46.162.226,192.168.0.31,443,26385,TCP,TLS,206
2024-12-04T20:51:04.343080,192.168.0.31,104.46.162.226,26385,443,TCP,TCP,54
2024-12-04T20:51:04.343784,192.168.0.31,104.46.162.226,26385,443,TCP,TLS,2008
2024-12-04T20:51:04.378887,104.46.162.226,192.168.0.31,443,26384,TCP,TLS,1514
2024-12-04T20:51:04.379676,104.46.162.226,192.168.0.31,443,26384,TCP,TCP,1514
2024-12-04T20:51:04.379676,104.46.162.226,192.168.0.31,443,26384,TCP,TCP,1514
2024-12-04T20:51:04.379676,104.46.162.226,192.168.0.31,443,26384,TCP,TCP,1514
2024-12-04T20:51:04.379676,104.46.162.226,192.168.0.31,443,26384,TCP,TLS,621
2024-12-04T20:51:04.379818,192.168.0.31,104.46.162.226,26384,443,TCP,TCP,54
2024-12-04T20:51:04.385368,192.168.0.31,104.46.162.226,26384,443,TCP,TLS,128
2024-12-04T20:51:04.385800,192.168.0.31,104.46.162.226,26384,443,TCP,TLS,146
2024-12-04T20:51:04.386258,192.168.0.31,104.46.162.226,26384,443,TCP,TLS,544
2024-12-04T20:51:04.386457,192.168.0.31,104.46.162.226,26384,443,TCP,TLS,15234
2024-12-04T20:51:04.572173,104.46.162.226,192.168.0.31,443,26386,TCP,TLS,1514
2024-12-04T20:51:04.572626,104.46.162.226,192.168.0.31,443,26386,TCP,TCP,1514
2024-12-04T20:51:04.572626,104.46.162.226,192.168.0.31,443,26386,TCP,TCP,1514
2024-12-04T20:51:04.572626,104.46.162.226,192.168.0.31,443,26386,TCP,TCP,1514
2024-12-04T20:51:04.572626,104.46.162.226,192.168.0.31,443,26386,TCP,TLS,621
2024-12-04T20:51:04.572659,192.168.0.31,104.46.162.226,26386,443,TCP,TCP,54
2024-12-04T20:51:04.573543,192.168.0.31,104.46.162.226,26386,443,TCP,TLS,128
2024-12-04T20:51:04.604169,104.46.162.226,192.168.0.31,443,26385,TCP,TCP,54
2024-12-04T20:51:04.604593,104.46.162.226,192.168.0.31,443,26385,TCP,TLS,157
2024-12-04T20:51:04.604953,104.46.162.226,192.168.0.31,443,26385,TCP,TLS,518
2024-12-04T20:51:04.604979,192.168.0.31,104.46.162.226,26385,443,TCP,TCP,54
2024-12-04T20:51:04.605251,192.168.0.31,104.46.162.226,26385,443,TCP,TLS,78
2024-12-04T20:51:04.605305,192.168.0.31,104.46.162.226,26385,443,TCP,TCP,54
2024-12-04T20:51:04.648614,104.46.162.226,192.168.0.31,443,26384,TCP,TCP,54
2024-12-04T20:51:04.649866,104.46.162.226,192.168.0.31,443,26384,TCP,TCP,60
2024-12-04T20:51:04.649866,104.46.162.226,192.168.0.31,443,26384,TCP,TCP,60
2024-12-04T20:51:04.649866,104.46.162.226,192.168.0.31,443,26384,TCP,TCP,60
2024-12-04T20:51:04.649866,104.46.162.226,192.168.0.31,443,26384,TCP,TCP,60
2024-12-04T20:51:04.649866,104.46.162.226,192.168.0.31,443,26384,TCP,TCP,60
2024-12-04T20:51:04.679968,104.46.162.226,192.168.0.31,443,26384,TCP,TLS,157
2024-12-04T20:51:04.682364,104.46.162.226,192.168.0.31,443,26384,TCP,TLS,116
2024-12-04T20:51:04.682394,192.168.0.31,104.46.162.226,26384,443,TCP,TCP,54
2024-12-04T20:51:04.682546,192.168.0.31,104.46.162.226,26384,443,TCP,TLS,85
2024-12-04T20:51:04.833736,104.46.162.226,192.168.0.31,443,26386,TCP,TLS,157
2024-12-04T20:51:04.833736,104.46.162.226,192.168.0.31,443,26386,TCP,TLS,116
2024-12-04T20:51:04.833829,192.168.0.31,104.46.162.226,26386,443,TCP,TCP,54
2024-12-04T20:51:04.865421,104.46.162.226,192.168.0.31,443,26385,TCP,TCP,54
2024-12-04T20:51:04.945638,104.46.162.226,192.168.0.31,443,26384,TCP,TLS,85
2024-12-04T20:51:04.990557,104.46.162.226,192.168.0.31,443,26384,TCP,TCP,60
2024-12-04T20:51:04.991541,192.168.0.31,104.46.162.226,26384,443,TCP,TCP,54
2024-12-04T20:51:05.085770,192.168.0.1,192.168.0.255,9431,9431,UDP,DATA,115
2024-12-04T20:51:05.460449,104.46.162.226,192.168.0.31,443,26384,TCP,TLS,335
2024-12-04T20:51:05.501341,192.168.0.31,104.46.162.226,26384,443,TCP,TCP,54
2024-12-04T20:51:06.007378,192.168.0.1,192.168.0.255,9431,9431,UDP,DATA,115
2024-12-04T20:51:07.031307,192.168.0.1,192.168.0.255,9431,9431,UDP,DATA,115
2024-12-04T20:51:07.063899,192.168.0.31,162.254.198.69,26262,27021,TCP,TLS,107
2024-12-04T20:51:07.071506,162.254.198.69,192.168.0.31,27021,26262,TCP,TCP,60
2024-12-04T20:51:08.055223,192.168.0.1,192.168.0.255,9431,9431,UDP,DATA,115
2024-12-04T20:51:09.079364,192.168.0.1,192.168.0.255,9431,9431,UDP,DATA,115
2024-12-04T20:51:10.103283,192.168.0.1,192.168.0.255,9431,9431,UDP,DATA,115
2024-12-04T20:51:10.308185,192.168.0.1,224.0.0.1,N/A,N/A,N/A,IGMP,52
2024-12-04T20:51:10.308185,fe80::3e58:5dff:feb6:317,ff02::1,N/A,N/A,N/A,ICMPV6,90
2024-12-04T20:51:10.308422,fe80::dcdf:43c1:182a:735a,ff02::16,N/A,N/A,N/A,ICMPV6,90
2024-12-04T20:51:10.347250,192.168.0.31,224.0.0.22,N/A,N/A,N/A,IGMP,70
2024-12-04T20:51:10.347418,fe80::dcdf:43c1:182a:735a,ff02::16,N/A,N/A,N/A,ICMPV6,130
2024-12-04T20:51:10.877466,192.168.0.31,104.46.162.226,26384,443,TCP,TLS,172
2024-12-04T20:51:10.877689,192.168.0.31,104.46.162.226,26384,443,TCP,TLS,4342
2024-12-04T20:51:11.025033,192.168.0.1,192.168.0.255,9431,9431,UDP,DATA,115
2024-12-04T20:51:11.143476,104.46.162.226,192.168.0.31,443,26384,TCP,TCP,60
2024-12-04T20:51:11.143476,104.46.162.226,192.168.0.31,443,26384,TCP,TCP,60
2024-12-04T20:51:11.144447,104.46.162.226,192.168.0.31,443,26384,TCP,TLS,153
2024-12-04T20:51:11.145076,192.168.0.31,104.46.162.226,26384,443,TCP,TLS,89
2024-12-04T20:51:11.459368,104.46.162.226,192.168.0.31,443,26384,TCP,TCP,60
2024-12-04T20:51:12.049015,192.168.0.1,192.168.0.255,9431,9431,UDP,DATA,115
2024-12-04T20:51:13.070985,192.168.0.1,192.168.0.255,9431,9431,UDP,DATA,115
2024-12-04T20:51:14.097061,192.168.0.1,192.168.0.255,9431,9431,UDP,DATA,115
2024-12-04T20:51:14.918209,192.168.0.31,104.46.162.226,26384,443,TCP,TLS,173
2024-12-04T20:51:14.918311,192.168.0.31,104.46.162.226,26384,443,TCP,TLS,16460
2024-12-04T20:51:14.918361,192.168.0.31,104.46.162.226,26384,443,TCP,TLS,1037
2024-12-04T20:51:15.120920,192.168.0.1,192.168.0.255,9431,9431,UDP,DATA,115
2024-12-04T20:51:15.182115,104.46.162.226,192.168.0.31,443,26384,TCP,TCP,60
2024-12-04T20:51:15.182374,104.46.162.226,192.168.0.31,443,26384,TCP,TCP,60
2024-12-04T20:51:15.182374,104.46.162.226,192.168.0.31,443,26384,TCP,TCP,60
2024-12-04T20:51:15.182374,104.46.162.226,192.168.0.31,443,26384,TCP,TCP,60
2024-12-04T20:51:15.182374,104.46.162.226,192.168.0.31,443,26384,TCP,TCP,60
2024-12-04T20:51:15.183619,104.46.162.226,192.168.0.31,443,26384,TCP,TLS,153
2024-12-04T20:51:15.223865,192.168.0.31,104.46.162.226,26384,443,TCP,TCP,54
2024-12-04T20:51:16.042643,192.168.0.1,192.168.0.255,9431,9431,UDP,DATA,115
2024-12-04T20:51:17.066677,192.168.0.1,192.168.0.255,9431,9431,UDP,DATA,115
2024-12-04T20:51:18.090449,192.168.0.1,192.168.0.255,9431,9431,UDP,DATA,115
2024-12-04T20:51:19.114496,192.168.0.1,192.168.0.255,9431,9431,UDP,DATA,115
2024-12-04T20:51:20.138730,192.168.0.1,192.168.0.255,9431,9431,UDP,DATA,115
2024-12-04T20:51:20.810868,192.168.0.31,104.46.162.226,26384,443,TCP,TLS,173
2024-12-04T20:51:20.810945,192.168.0.31,104.46.162.226,26384,443,TCP,TLS,16460
2024-12-04T20:51:20.810978,192.168.0.31,104.46.162.226,26384,443,TCP,TLS,1036
2024-12-04T20:51:21.060105,192.168.0.1,192.168.0.255,9431,9431,UDP,DATA,115
2024-12-04T20:51:21.074774,104.46.162.226,192.168.0.31,443,26384,TCP,TCP,60
2024-12-04T20:51:21.074774,104.46.162.226,192.168.0.31,443,26384,TCP,TCP,60
2024-12-04T20:51:21.074774,104.46.162.226,192.168.0.31,443,26384,TCP,TCP,60
2024-12-04T20:51:21.098024,104.46.162.226,192.168.0.31,443,26384,TCP,TLS,153
2024-12-04T20:51:21.098529,192.168.0.31,104.46.162.226,26384,443,TCP,TLS,89
2024-12-04T20:51:21.409312,192.168.0.31,104.46.162.226,26384,443,TCP,TCP,89
2024-12-04T20:51:21.412408,104.46.162.226,192.168.0.31,443,26384,TCP,TCP,60
2024-12-04T20:51:21.672850,104.46.162.226,192.168.0.31,443,26384,TCP,TCP,66
2024-12-04T20:51:22.084129,192.168.0.1,192.168.0.255,9431,9431,UDP,DATA,115
2024-12-04T20:51:23.106256,192.168.0.1,192.168.0.255,9431,9431,UDP,DATA,115
2024-12-04T20:51:23.969817,192.168.0.31,104.46.162.226,26384,443,TCP,TLS,172
2024-12-04T20:51:23.970025,192.168.0.31,104.46.162.226,26384,443,TCP,TLS,2262
2024-12-04T20:51:24.132317,192.168.0.1,192.168.0.255,9431,9431,UDP,DATA,115
2024-12-04T20:51:24.136712,127.0.0.1,127.0.0.1,51641,51638,TCP,DATA,45
2024-12-04T20:51:24.136749,127.0.0.1,127.0.0.1,51638,51641,TCP,TCP,56
2024-12-04T20:51:24.240253,104.46.162.226,192.168.0.31,443,26384,TCP,TCP,60
2024-12-04T20:51:24.240253,104.46.162.226,192.168.0.31,443,26384,TCP,TLS,175
2024-12-04T20:51:24.290185,192.168.0.31,104.46.162.226,26384,443,TCP,TCP,54
2024-12-04T20:51:24.819861,127.0.0.1,127.0.0.1,51638,51641,TCP,DATA,45
2024-12-04T20:51:24.819891,127.0.0.1,127.0.0.1,51641,51638,TCP,TCP,56
2024-12-04T20:51:24.834689,127.0.0.1,127.0.0.1,51642,51636,TCP,DATA,45
2024-12-04T20:51:24.834689,127.0.0.1,127.0.0.1,51636,51642,TCP,DATA,45
2024-12-04T20:51:24.834701,127.0.0.1,127.0.0.1,51636,51642,TCP,TCP,56
2024-12-04T20:51:24.834701,127.0.0.1,127.0.0.1,51642,51636,TCP,TCP,56
2024-12-04T20:51:25.156066,192.168.0.1,192.168.0.255,9431,9431,UDP,DATA,115
2024-12-04T20:51:26.077761,192.168.0.1,192.168.0.255,9431,9431,UDP,DATA,115
2024-12-04T20:51:26.412867,192.168.0.31,104.46.162.226,26384,443,TCP,TLS,173
2024-12-04T20:51:26.412944,192.168.0.31,104.46.162.226,26384,443,TCP,TLS,15236
2024-12-04T20:51:26.677047,104.46.162.226,192.168.0.31,443,26384,TCP,TCP,60
2024-12-04T20:51:26.677047,104.46.162.226,192.168.0.31,443,26384,TCP,TCP,60
2024-12-04T20:51:26.677047,104.46.162.226,192.168.0.31,443,26384,TCP,TCP,60
2024-12-04T20:51:26.677047,104.46.162.226,192.168.0.31,443,26384,TCP,TCP,60
2024-12-04T20:51:26.677047,104.46.162.226,192.168.0.31,443,26384,TCP,TLS,89
2024-12-04T20:51:26.720387,192.168.0.31,104.46.162.226,26384,443,TCP,TCP,54
2024-12-04T20:51:26.983494,104.46.162.226,192.168.0.31,443,26384,TCP,TLS,153
2024-12-04T20:51:26.984158,192.168.0.31,104.46.162.226,26384,443,TCP,TLS,89
2024-12-04T20:51:27.004416,192.168.0.31,192.168.0.1,51790,53,UDP,DNS,92
2024-12-04T20:51:27.010925,192.168.0.1,192.168.0.31,53,51790,UDP,DNS,227
2024-12-04T20:51:27.011698,192.168.0.31,104.46.162.226,26387,443,TCP,TCP,66
2024-12-04T20:51:27.101790,192.168.0.1,192.168.0.255,9431,9431,UDP,DATA,115
